STATE,DISTRICT,TOTAL_ENROLLMENT,POPULATION,PENETRATION_PCT,MONTHLY_VELOCITY,GROWTH_RATE_PCT,RISK_SCORE,PENETRATION_CATEGORY,IS_HIGH_POPULATION,IS_LOW_PENETRATION,IS_HIGH_VELOCITY,HAS_POPULATION_DATA,HAS_PENETRATION_DATA
MAHARASHTRA,MUMBAI SUBURBAN,18216,9356962,0.194679,2602,16.66,0.87,CRITICAL,1,1,0,1,1
MAHARASHTRA,THANE,43688,11060148,0.395004,4854,12.5,0.84,CRITICAL,1,1,0,1,1
TELANGANA,RANGAREDDY,300,5296741,0.005664,75,33.33,0.84,CRITICAL,1,1,0,1,1
MAHARASHTRA,PUNE,31763,9426959,0.336938,3970,14.28,0.82,CRITICAL,1,1,0,1,1
TAMIL NADU,KANCHIPURAM,387,3998252,0.009679,97,33.45,0.81,CRITICAL,0,1,0,1,1
WEST BENGAL,NORTH 24 PARGANAS,28606,10082852,0.283709,4768,20,0.81,CRITICAL,1,1,0,1,1
WEST BENGAL,PURBA BARDHAMAN,3041,4835532,0.062889,608,24.99,0.81,CRITICAL,0,1,0,1,1
MAHARASHTRA,AHMEDNAGAR,368,4543159,0.0081,368,,0.81,CRITICAL,0,1,0,1,1
GUJARAT,AHMEDABAD,19130,7214225,0.265171,2733,16.67,0.8,CRITICAL,1,1,0,1,1
UTTAR PRADESH,RAEBARELI,3,3405559,0.000088,2,200,0.79,CRITICAL,0,1,0,1,1
WEST BENGAL,KOLKATA,10362,4496694,0.230436,1295,14.28,0.78,CRITICAL,0,1,0,1,1
BIHAR,PATNA,24644,5838465,0.422097,2738,12.5,0.77,CRITICAL,1,1,0,1,1
GUJARAT,VADODARA,12284,4157568,0.295461,1365,12.5,0.77,CRITICAL,0,1,0,1,1
CHHATTISGARH,RAIPUR,7041,4063872,0.173258,1174,20.01,0.77,CRITICAL,0,1,0,1,1
MAHARASHTRA,NAGPUR,11828,4653570,0.25417,1690,16.67,0.77,CRITICAL,0,1,0,1,1
CHHATTISGARH,DURG,4095,3343079,0.122492,683,20.02,0.77,CRITICAL,0,1,0,1,1
UTTAR PRADESH,BARABANKI,2375,3260699,0.072837,475,25,0.77,CRITICAL,0,1,0,1,1
ANDHRA PRADESH,KRISHNA,6737,4529009,0.148752,1684,33.33,0.77,CRITICAL,0,1,0,1,1
KARNATAKA,BELGAUM,6743,4778439,0.141113,1686,33.34,0.77,CRITICAL,0,1,0,1,1
ANDHRA PRADESH,ANANTAPUR,4415,4083315,0.108123,1104,33.34,0.77,CRITICAL,0,1,0,1,1
ANDHRA PRADESH,EAST GODAVARI,7678,5151549,0.149043,1920,33.34,0.77,CRITICAL,1,1,0,1,1
TELANGANA,WARANGAL,2952,3522644,0.083801,738,33.33,0.77,CRITICAL,0,1,0,1,1
WEST BENGAL,PASCHIM BARDHAMAN,1276,2882031,0.044274,319,33.33,0.77,CRITICAL,0,1,0,1,1
WEST BENGAL,PURULIA,783,2930115,0.026723,196,33.39,0.77,CRITICAL,0,1,0,1,1
MAHARASHTRA,SATARA,6021,3003741,0.20045,753,14.29,0.76,CRITICAL,0,1,0,1,1
WEST BENGAL,NADIA,17716,5167600,0.342828,2215,14.29,0.76,CRITICAL,1,1,0,1,1
WEST BENGAL,JALPAIGURI,10654,3872846,0.275095,1332,14.29,0.76,CRITICAL,0,1,0,1,1
MAHARASHTRA,SOLAPUR,12292,4317756,0.284685,1756,16.67,0.76,CRITICAL,0,1,0,1,1
TAMIL NADU,CHENNAI,10043,4646732,0.21613,2009,25.01,0.76,CRITICAL,0,1,0,1,1
ANDHRA PRADESH,WEST GODAVARI,5935,3934782,0.150834,1484,33.34,0.76,CRITICAL,0,1,0,1,1
KARNATAKA,MYSORE,3073,2994744,0.102613,768,33.32,0.76,CRITICAL,0,1,0,1,1
RAJASTHAN,JHUNJHUNU,311,2137045,0.014553,78,33.48,0.76,CRITICAL,0,1,0,1,1
MAHARASHTRA,JALGAON,13260,4229917,0.313481,1894,16.66,0.75,CRITICAL,0,1,0,1,1
MAHARASHTRA,RAIGAD,3433,2634200,0.130324,572,19.99,0.75,CRITICAL,0,1,0,1,1
UTTAR PRADESH,SULTANPUR,11434,3790922,0.301615,1429,14.28,0.75,CRITICAL,0,1,0,1,1
KERALA,THIRUVANANTHAPURAM,6663,3301427,0.201822,1111,20.01,0.75,CRITICAL,0,1,0,1,1
KERALA,ERNAKULAM,6324,3282388,0.192665,1054,20,0.75,CRITICAL,0,1,0,1,1
ODISHA,KHORDHA,1222,2246341,0.0544,244,24.95,0.75,CRITICAL,0,1,0,1,1
WEST BENGAL,HOOGHLY,15358,5520389,0.278205,3072,25,0.75,CRITICAL,1,1,0,1,1
WEST BENGAL,HOWRAH,11410,4850029,0.235256,2282,25,0.75,CRITICAL,0,1,0,1,1
ANDHRA PRADESH,VISAKHAPATNAM,8178,4288113,0.190713,2045,33.34,0.75,CRITICAL,0,1,0,1,1
KARNATAKA,DAVANAGERE,483,1945497,0.024827,121,33.43,0.75,CRITICAL,0,1,0,1,1
KARNATAKA,TUMKUR,2942,2681449,0.109717,736,33.36,0.75,CRITICAL,0,1,0,1,1
ANDHRA PRADESH,GUNTUR,9729,4889230,0.198988,2432,33.33,0.75,CRITICAL,0,1,0,1,1
ODISHA,SUNDARGARH,730,2080664,0.035085,183,33.46,0.75,CRITICAL,0,1,0,1,1
TELANGANA,ADILABAD,2987,2737738,0.109105,747,33.35,0.75,CRITICAL,0,1,0,1,1
TELANGANA,KARIMNAGAR,5808,3776269,0.153803,1452,33.33,0.75,CRITICAL,0,1,0,1,1
UTTAR PRADESH,ALLAHABAD,13249,5954391,0.222508,3312,33.33,0.75,CRITICAL,1,1,0,1,1
TAMIL NADU,TUTICORIN,2,1750176,0.000114,1,100,0.75,CRITICAL,0,1,0,1,1
DELHI,NORTH WEST DELHI,16043,3656539,0.438748,1783,12.5,0.74,CRITICAL,0,1,0,1,1
UTTAR PRADESH,JAUNPUR,15853,4494204,0.352743,2265,16.67,0.74,CRITICAL,0,1,0,1,1
UTTAR PRADESH,GORAKHPUR,19969,4436275,0.45013,2219,12.5,0.74,CRITICAL,0,1,0,1,1
GUJARAT,SURAT,25469,6081322,0.418807,3638,16.66,0.74,CRITICAL,1,1,0,1,1
MAHARASHTRA,NANDED,11947,3361292,0.355429,1493,14.28,0.74,CRITICAL,0,1,0,1,1
GUJARAT,SABARKANTHA,5115,2428589,0.210616,853,20.01,0.74,CRITICAL,0,1,0,1,1
GUJARAT,JUNAGADH,5536,2743082,0.201817,1107,24.99,0.74,CRITICAL,0,1,0,1,1
MAHARASHTRA,CHANDRAPUR,4475,2194262,0.203941,639,16.66,0.74,CRITICAL,0,1,0,1,1
UTTAR PRADESH,MUZAFFARNAGAR,11949,4138605,0.28872,1992,20.01,0.74,CRITICAL,0,1,0,1,1
PUNJAB,GURDASPUR,5120,2298323,0.222771,731,16.66,0.74,CRITICAL,0,1,0,1,1
UTTAR PRADESH,MORADABAD,21545,4773138,0.45138,2693,14.28,0.74,CRITICAL,0,1,0,1,1
MAHARASHTRA,NASHIK,22368,6107187,0.366257,3728,20,0.74,CRITICAL,1,1,0,1,1
KERALA,KOLLAM,5069,2635375,0.192345,1014,25.01,0.74,CRITICAL,0,1,0,1,1
MAHARASHTRA,SANGLI,7632,2822143,0.270433,1090,16.66,0.74,CRITICAL,0,1,0,1,1
TAMIL NADU,VELLORE,9633,3936331,0.24472,1927,25.01,0.74,CRITICAL,0,1,0,1,1
MAHARASHTRA,AMRAVATI,6915,2888445,0.239402,1153,20.01,0.74,CRITICAL,0,1,0,1,1
KERALA,THRISSUR,7071,3121200,0.226547,1414,25,0.74,CRITICAL,0,1,0,1,1
RAJASTHAN,JALORE,494,1828730,0.027013,165,50.15,0.74,CRITICAL,0,1,0,1,1
GUJARAT,SURENDRANAGAR,1442,1756268,0.082106,288,24.96,0.74,CRITICAL,0,1,0,1,1
ANDHRA PRADESH,PRAKASAM,7623,3392764,0.224684,1525,25.01,0.74,CRITICAL,0,1,0,1,1
ANDHRA PRADESH,SRIKAKULAM,4300,2699471,0.15929,1075,33.33,0.74,CRITICAL,0,1,0,1,1
MAHARASHTRA,KOLHAPUR,7480,3876001,0.192982,1870,33.33,0.74,CRITICAL,0,1,0,1,1
ANDHRA PRADESH,CHITTOOR,8199,4170468,0.196597,2050,33.34,0.74,CRITICAL,0,1,0,1,1
PUNJAB,FEROZEPUR,1381,2026831,0.068136,345,33.3,0.74,CRITICAL,0,1,0,1,1
TAMIL NADU,VILLUPURAM,6772,3458873,0.195786,1693,33.33,0.74,CRITICAL,0,1,0,1,1
TELANGANA,KHAMMAM,3888,2798214,0.138946,972,33.33,0.74,CRITICAL,0,1,0,1,1
TELANGANA,NALGONDA,6661,3483648,0.191208,1665,33.33,0.74,CRITICAL,0,1,0,1,1
UTTAR PRADESH,BHADOHI,546,1554203,0.035131,137,33.5,0.74,CRITICAL,0,1,0,1,1
MAHARASHTRA,GONDIA,29,1322331,0.002193,7,31.82,0.74,CRITICAL,0,1,0,1,1
DELHI,SOUTH EAST DELHI,60,1366143,0.004392,15,33.33,0.74,CRITICAL,0,1,0,1,1
UTTAR PRADESH,KANPUR NAGAR,24708,4572951,0.540308,2745,12.5,0.73,CRITICAL,0,1,0,1,1
UTTAR PRADESH,GHAZIABAD,23070,4681645,0.492776,2884,14.29,0.73,CRITICAL,0,1,0,1,1
PUNJAB,AMRITSAR,9655,2490891,0.387612,1207,14.29,0.73,CRITICAL,0,1,0,1,1
UTTAR PRADESH,LUCKNOW,25514,4588455,0.556048,2835,12.5,0.73,CRITICAL,0,1,0,1,1
PUNJAB,LUDHIANA,17614,3498739,0.503439,1957,12.5,0.73,CRITICAL,0,1,0,1,1
GUJARAT,BHAVNAGAR,10174,2880365,0.353219,1453,16.66,0.73,CRITICAL,0,1,0,1,1
MAHARASHTRA,PALGHAR,10699,2990116,0.357812,1337,14.28,0.73,CRITICAL,0,1,0,1,1
GUJARAT,RAJKOT,17070,3804558,0.448672,2134,14.29,0.73,CRITICAL,0,1,0,1,1
UTTAR PRADESH,BUDAUN,15529,3712738,0.418263,1941,14.28,0.73,CRITICAL,0,1,0,1,1
RAJASTHAN,JAIPUR,31146,6626178,0.470045,4449,16.66,0.73,CRITICAL,1,1,0,1,1
MAHARASHTRA,BEED,10185,2585962,0.393857,1273,14.28,0.73,CRITICAL,0,1,0,1,1
GUJARAT,JAMNAGAR,6078,2160119,0.281373,868,16.66,0.73,CRITICAL,0,1,0,1,1
TAMIL NADU,MADURAI,9938,3038252,0.327096,1656,20,0.73,CRITICAL,0,1,0,1,1
PUNJAB,SANGRUR,2329,1655169,0.140711,466,25.01,0.73,CRITICAL,0,1,0,1,1
GUJARAT,ANAND,6980,2090276,0.333927,873,14.3,0.73,CRITICAL,0,1,0,1,1
MAHARASHTRA,LATUR,7607,2454196,0.309959,1087,16.67,0.73,CRITICAL,0,1,0,1,1
UTTAR PRADESH,AZAMGARH,20573,4613913,0.445891,2939,16.67,0.73,CRITICAL,0,1,0,1,1
UTTAR PRADESH,DEORIA,10257,3098637,0.331017,1710,20.01,0.73,CRITICAL,0,1,0,1,1
MAHARASHTRA,YAVATMAL,7594,2772348,0.273919,1266,20.01,0.73,CRITICAL,0,1,0,1,1
TAMIL NADU,COIMBATORE,8986,3458045,0.259858,1797,25,0.73,CRITICAL,0,1,0,1,1
MAHARASHTRA,BULDHANA,7084,2586258,0.273909,1181,20.01,0.73,CRITICAL,0,1,0,1,1
KERALA,KANNUR,5965,2523003,0.236425,1193,25,0.73,CRITICAL,0,1,0,1,1
ANDHRA PRADESH,NELLORE,5367,2966082,0.180946,1342,33.34,0.73,CRITICAL,0,1,0,1,1
ANDHRA PRADESH,VIZIANAGARAM,3856,2342868,0.164585,964,33.33,0.73,CRITICAL,0,1,0,1,1
CHHATTISGARH,SURGUJA,3556,2361329,0.150593,889,33.33,0.73,CRITICAL,0,1,0,1,1
KARNATAKA,BELLARY,4220,2532383,0.166641,1055,33.33,0.73,CRITICAL,0,1,0,1,1
KARNATAKA,CHAMARAJANAGAR,249,1020962,0.024389,62,33.16,0.73,CRITICAL,0,1,0,1,1
KARNATAKA,CHIKMAGALUR,154,1137961,0.013533,39,33.91,0.73,CRITICAL,0,1,0,1,1
KARNATAKA,GULBARGA,4356,2564892,0.169832,1089,33.33,0.73,CRITICAL,0,1,0,1,1
KARNATAKA,HASSAN,2494,1776221,0.14041,624,33.37,0.73,CRITICAL,0,1,0,1,1
KARNATAKA,SHIMOGA,2260,1755512,0.128737,565,33.33,0.73,CRITICAL,0,1,0,1,1
KERALA,ALAPPUZHA,3559,2127789,0.167263,890,33.35,0.73,CRITICAL,0,1,0,1,1
KERALA,KOTTAYAM,3321,1974551,0.16819,830,33.32,0.73,CRITICAL,0,1,0,1,1
KERALA,KOZHIKODE,6704,3086293,0.217219,1676,33.33,0.73,CRITICAL,0,1,0,1,1
ODISHA,CUTTACK,5402,2618708,0.206285,1351,33.35,0.73,CRITICAL,0,1,0,1,1
ODISHA,GANJAM,8116,3529031,0.229978,2029,33.33,0.73,CRITICAL,0,1,0,1,1
ODISHA,JAJPUR,2507,1826275,0.137274,627,33.35,0.73,CRITICAL,0,1,0,1,1
TAMIL NADU,KANYAKUMARI,2005,1870374,0.107198,501,33.31,0.73,CRITICAL,0,1,0,1,1
HARYANA,YAMUNANAGAR,59,1214162,0.004859,15,34.09,0.73,CRITICAL,0,1,0,1,1
TAMIL NADU,TIRUVARUR,1,1268094,0.000079,1,,0.73,CRITICAL,0,1,0,1,1
MAHARASHTRA,AURANGABAD,17393,3695928,0.470599,2485,16.67,0.72,CRITICAL,0,1,0,1,1
BIHAR,MADHUBANI,25930,4487379,0.577843,2881,12.5,0.72,CRITICAL,0,1,0,1,1
RAJASTHAN,SIKAR,11400,2677333,0.425797,1629,16.67,0.72,CRITICAL,0,1,0,1,1
ASSAM,NAGAON,12873,2826006,0.455519,1609,14.28,0.72,CRITICAL,0,1,0,1,1
MAHARASHTRA,PARBHANI,6272,1836086,0.341596,896,16.67,0.72,CRITICAL,0,1,0,1,1
ASSAM,SONITPUR,9197,1925975,0.477524,1022,12.5,0.72,CRITICAL,0,1,0,1,1
UTTAR PRADESH,BULANDSHAHR,16885,3499171,0.482543,2111,14.29,0.72,CRITICAL,0,1,0,1,1
BIHAR,MUZAFFARPUR,28855,4801062,0.601013,3206,12.5,0.72,CRITICAL,0,1,0,1,1
GUJARAT,KACHCHH,9302,2092371,0.444567,1034,12.51,0.72,CRITICAL,0,1,0,1,1
WEST BENGAL,DARJEELING,7319,1846823,0.396302,915,14.29,0.72,CRITICAL,0,1,0,1,1
WEST BENGAL,COOCH BEHAR,10728,2822780,0.380051,1788,20,0.72,CRITICAL,0,1,0,1,1
GUJARAT,KHEDA,7567,2299885,0.329016,1081,16.67,0.72,CRITICAL,0,1,0,1,1
DELHI,SOUTH DELHI,13395,2731929,0.490313,1674,14.28,0.72,CRITICAL,0,1,0,1,1
GUJARAT,BHARUCH,4351,1551019,0.280525,725,19.99,0.72,CRITICAL,0,1,0,1,1
WEST BENGAL,JHARGRAM,962,1136548,0.084642,192,24.94,0.72,CRITICAL,0,1,0,1,1
UTTAR PRADESH,FATEHPUR,12333,2632684,0.468457,1542,14.29,0.72,CRITICAL,0,1,0,1,1
WEST BENGAL,ALIPURDUAR,3673,1491250,0.246303,459,14.28,0.72,CRITICAL,0,1,0,1,1
DELHI,SOUTH WEST DELHI,9255,2292363,0.403732,1157,14.29,0.72,CRITICAL,0,1,0,1,1
WEST BENGAL,MALDA,15830,3988845,0.396857,2638,20,0.72,CRITICAL,0,1,0,1,1
GUJARAT,AMRELI,4293,1514190,0.283518,716,20.02,0.72,CRITICAL,0,1,0,1,1
PUNJAB,HOSHIARPUR,4134,1582793,0.261184,517,14.29,0.72,CRITICAL,0,1,0,1,1
JHARKHAND,EAST SINGHBHUM,8191,2293919,0.357075,1365,20,0.72,CRITICAL,0,1,0,1,1
GUJARAT,NAVSARI,2757,1330711,0.207182,394,16.67,0.72,CRITICAL,0,1,0,1,1
PUNJAB,PATIALA,5150,1895686,0.271669,858,19.99,0.72,CRITICAL,0,1,0,1,1
WEST BENGAL,BIRBHUM,15509,3502387,0.442812,2216,16.67,0.72,CRITICAL,0,1,0,1,1
BIHAR,SIWAN,15311,3330464,0.459726,2187,16.66,0.72,CRITICAL,0,1,0,1,1
UTTAR PRADESH,KUSHINAGAR,10611,3560830,0.297992,2122,25,0.72,CRITICAL,0,1,0,1,1
TAMIL NADU,SALEM,10249,3482056,0.294338,2050,25,0.72,CRITICAL,0,1,0,1,1
ASSAM,SIVASAGAR,422,1150253,0.036688,211,100,0.72,CRITICAL,0,1,0,1,1
ODISHA,NABARANGPUR,442,1218762,0.036266,442,,0.72,CRITICAL,0,1,0,1,1
KARNATAKA,RAMANAGARA,204,1082739,0.018841,204,,0.72,CRITICAL,0,1,0,1,1
MAHARASHTRA,AKOLA,4708,1818617,0.258878,942,25.01,0.72,CRITICAL,0,1,0,1,1
MAHARASHTRA,OSMANABAD,4026,1660311,0.242485,805,24.99,0.72,CRITICAL,0,1,0,1,1
KARNATAKA,BIJAPUR,4231,2175102,0.19452,1058,33.34,0.72,CRITICAL,0,1,0,1,1
KARNATAKA,MANDYA,3594,1808680,0.198708,899,33.36,0.72,CRITICAL,0,1,0,1,1
KERALA,IDUKKI,1698,1108974,0.153115,425,33.39,0.72,CRITICAL,0,1,0,1,1
KERALA,PALAKKAD,6724,2809934,0.239294,1681,33.33,0.72,CRITICAL,0,1,0,1,1
KERALA,PATHANAMTHITTA,1951,1195537,0.16319,488,33.36,0.72,CRITICAL,0,1,0,1,1
MAHARASHTRA,BHANDARA,1903,1200334,0.158539,476,33.36,0.72,CRITICAL,0,1,0,1,1
MAHARASHTRA,RATNAGIRI,2603,1615069,0.16117,651,33.35,0.72,CRITICAL,0,1,0,1,1
MAHARASHTRA,WARDHA,1953,1300774,0.150141,488,33.31,0.72,CRITICAL,0,1,0,1,1
ODISHA,JAGATSINGHPUR,694,1136604,0.061059,174,33.46,0.72,CRITICAL,0,1,0,1,1
PUNJAB,JALANDHAR,4118,2181753,0.188747,1030,33.35,0.72,CRITICAL,0,1,0,1,1
PUNJAB,MUKTSAR,334,902702,0.037,84,33.6,0.72,CRITICAL,0,1,0,1,1
TELANGANA,MEDAK,7544,3033288,0.248707,1886,33.33,0.72,CRITICAL,0,1,0,1,1
WEST BENGAL,PURBA MEDINIPUR,14322,5094238,0.281141,3581,33.34,0.72,CRITICAL,1,1,0,1,1
PUNJAB,FAZILKA,1911,1180483,0.161883,478,33.36,0.72,CRITICAL,0,1,0,1,1
PUNJAB,NAWANSHAHR,192,617508,0.031093,48,33.33,0.72,CRITICAL,0,1,0,1,1
UTTAR PRADESH,FIROZABAD,12300,2498156,0.492363,1757,16.67,0.71,CRITICAL,0,1,0,1,1
HARYANA,GURUGRAM,2636,1514432,0.174059,879,50.03,0.71,CRITICAL,0,1,0,1,1
UTTAR PRADESH,AGRA,29910,4418797,0.676881,3323,12.5,0.71,CRITICAL,0,1,0,1,1
UTTAR PRADESH,UNNAO,19148,3110595,0.615574,2128,12.5,0.71,CRITICAL,0,1,0,1,1
UTTAR PRADESH,SAHARANPUR,19166,3464228,0.553255,2396,14.29,0.71,CRITICAL,0,1,0,1,1
ASSAM,DIBRUGARH,7062,1327748,0.531878,785,12.51,0.71,CRITICAL,0,1,0,1,1
ASSAM,BAKSA,3699,950075,0.389338,411,12.5,0.71,CRITICAL,0,1,0,1,1
ASSAM,BONGAIGAON,3175,738804,0.429749,353,12.51,0.71,CRITICAL,0,1,0,1,1
UTTAR PRADESH,MATHURA,11746,2541894,0.462096,1678,16.67,0.71,CRITICAL,0,1,0,1,1
UTTAR PRADESH,BANDA,10591,1799410,0.588582,1177,12.5,0.71,CRITICAL,0,1,0,1,1
JHARKHAND,RANCHI,14265,2914253,0.489491,2038,16.67,0.71,CRITICAL,0,1,0,1,1
ASSAM,JORHAT,4887,1091295,0.447817,611,14.29,0.71,CRITICAL,0,1,0,1,1
GUJARAT,GANDHINAGAR,5650,1391753,0.405963,706,14.28,0.71,CRITICAL,0,1,0,1,1
BIHAR,MUNGER,6087,1367765,0.445033,870,16.68,0.71,CRITICAL,0,1,0,1,1
RAJASTHAN,NAGAUR,17267,3307743,0.522018,2467,16.67,0.71,CRITICAL,0,1,0,1,1
ASSAM,CHARAIDEO,1189,472278,0.251758,198,19.98,0.71,CRITICAL,0,1,0,1,1
GUJARAT,TAPI,2212,807022,0.274094,442,24.97,0.71,CRITICAL,0,1,0,1,1
UTTAR PRADESH,GONDA,15267,3433919,0.444594,2545,20,0.71,CRITICAL,0,1,0,1,1
JHARKHAND,DUMKA,5825,1321442,0.440806,832,16.66,0.71,CRITICAL,0,1,0,1,1
RAJASTHAN,BIKANER,13283,2363937,0.561902,1660,14.28,0.71,CRITICAL,0,1,0,1,1
UTTAR PRADESH,CHANDAULI,9566,1952713,0.489883,1196,14.29,0.71,CRITICAL,0,1,0,1,1
UTTAR PRADESH,AMBEDKAR NAGAR,8002,2398709,0.333596,1600,24.99,0.71,CRITICAL,0,1,0,1,1
GUJARAT,VALSAD,7448,1705678,0.436659,1064,16.67,0.71,CRITICAL,0,1,0,1,1
ASSAM,BISWANATH,1329,612491,0.216983,266,25.02,0.71,CRITICAL,0,1,0,1,1
UTTAR PRADESH,JALAUN,5557,1689974,0.328822,926,20,0.71,CRITICAL,0,1,0,1,1
TAMIL NADU,THANJAVUR,7372,2405890,0.306415,1474,24.99,0.71,CRITICAL,0,1,0,1,1
GUJARAT,MAHISAGAR,2563,994624,0.257685,366,16.66,0.71,CRITICAL,0,1,0,1,1
MADHYA PRADESH,KHANDWA,4521,1309443,0.345261,646,16.67,0.71,CRITICAL,0,1,0,1,1
KARNATAKA,BANGALORE RURAL,2644,990923,0.266822,529,25.01,0.71,CRITICAL,0,1,0,1,1
TAMIL NADU,CUDDALORE,8630,2605914,0.33117,1726,25,0.71,CRITICAL,0,1,0,1,1
KERALA,MALAPPURAM,14567,4112920,0.354177,2913,25,0.71,CRITICAL,0,1,0,1,1
MAHARASHTRA,WASHIM,3386,1197160,0.282836,564,19.99,0.71,CRITICAL,0,1,0,1,1
HARYANA,KAITHAL,2991,1074304,0.278413,598,24.99,0.71,CRITICAL,0,1,0,1,1
UTTAR PRADESH,FARRUKHABAD,5870,1885204,0.311372,1174,25,0.71,CRITICAL,0,1,0,1,1
HARYANA,SONIPAT,4619,1450001,0.318552,924,25.01,0.71,CRITICAL,0,1,0,1,1
TAMIL NADU,RAMANATHAPURAM,4005,1353445,0.295912,801,25,0.71,CRITICAL,0,1,0,1,1
HARYANA,KURUKSHETRA,2404,964231,0.249318,481,25.01,0.71,CRITICAL,0,1,0,1,1
HARYANA,AMBALA,3218,1128350,0.285195,644,25.02,0.71,CRITICAL,0,1,0,1,1
HARYANA,HISAR,5234,1742815,0.300319,1047,25.01,0.71,CRITICAL,0,1,0,1,1
TAMIL NADU,SIVAGANGA,4446,1339101,0.332014,889,24.99,0.71,CRITICAL,0,1,0,1,1
KARNATAKA,BIDAR,4920,1700018,0.289409,984,25,0.71,CRITICAL,0,1,0,1,1
CHHATTISGARH,RAIGARH,4956,1493627,0.33181,991,24.99,0.71,CRITICAL,0,1,0,1,1
RAJASTHAN,HANUMANGARH,4940,1779650,0.277583,988,25,0.71,CRITICAL,0,1,0,1,1
PUNJAB,TARN TARAN,2939,1120070,0.262394,588,25.01,0.71,CRITICAL,0,1,0,1,1
CHHATTISGARH,BILASPUR,8941,2663629,0.33567,1788,25,0.71,CRITICAL,0,1,0,1,1
ANDHRA PRADESH,KURNOOL,11770,4046601,0.290861,2943,33.34,0.71,CRITICAL,0,1,0,1,1
BIHAR,ROHTAS,7939,2962593,0.267975,1985,33.34,0.71,CRITICAL,0,1,0,1,1
CHHATTISGARH,RAJNANDGAON,4185,1537520,0.272192,1046,33.32,0.71,CRITICAL,0,1,0,1,1
HARYANA,BHIWANI,3489,1634445,0.213467,872,33.32,0.71,CRITICAL,0,1,0,1,1
HARYANA,CHARKHI DADRI,858,502276,0.170822,215,33.44,0.71,CRITICAL,0,1,0,1,1
HARYANA,KARNAL,4048,1505324,0.268912,1012,33.33,0.71,CRITICAL,0,1,0,1,1
HARYANA,SIRSA,3335,1295114,0.257506,834,33.35,0.71,CRITICAL,0,1,0,1,1
JHARKHAND,BOKARO,5800,2062330,0.281235,1450,33.33,0.71,CRITICAL,0,1,0,1,1
KARNATAKA,CHIKKABALLAPUR,3152,1254377,0.25128,788,33.33,0.71,CRITICAL,0,1,0,1,1
KARNATAKA,CHITRADURGA,4413,1660378,0.265783,1103,33.32,0.71,CRITICAL,0,1,0,1,1
KARNATAKA,DHARWAD,5103,1846993,0.276287,1276,33.34,0.71,CRITICAL,0,1,0,1,1
KARNATAKA,HAVERI,4242,1598506,0.265373,1061,33.35,0.71,CRITICAL,0,1,0,1,1
KARNATAKA,KOLAR,4186,1536401,0.272455,1047,33.35,0.71,CRITICAL,0,1,0,1,1
KARNATAKA,UTTARA KANNADA,3470,1436847,0.241501,868,33.36,0.71,CRITICAL,0,1,0,1,1
KERALA,WAYANAD,1516,817420,0.185462,379,33.33,0.71,CRITICAL,0,1,0,1,1
MAHARASHTRA,GADCHIROLI,2374,1072942,0.221261,594,33.37,0.71,CRITICAL,0,1,0,1,1
MAHARASHTRA,JALNA,5590,1959046,0.285343,1398,33.35,0.71,CRITICAL,0,1,0,1,1
MAHARASHTRA,SINDHUDURG,1202,849651,0.14147,301,33.41,0.71,CRITICAL,0,1,0,1,1
ODISHA,ANGUL,3010,1271703,0.23669,753,33.36,0.71,CRITICAL,0,1,0,1,1
ODISHA,DHENKANAL,3017,1192948,0.252903,754,33.32,0.71,CRITICAL,0,1,0,1,1
ODISHA,PURI,3731,1697983,0.219731,933,33.35,0.71,CRITICAL,0,1,0,1,1
ODISHA,SAMBALPUR,2577,1044410,0.246742,644,33.32,0.71,CRITICAL,0,1,0,1,1
ODISHA,SUBARNAPUR,405,652107,0.062106,101,33.22,0.71,CRITICAL,0,1,0,1,1
PUNJAB,BARNALA,1013,596294,0.169883,253,33.29,0.71,CRITICAL,0,1,0,1,1
PUNJAB,BATHINDA,2704,1388859,0.194692,676,33.33,0.71,CRITICAL,0,1,0,1,1
PUNJAB,FARIDKOT,902,618008,0.145953,226,33.43,0.71,CRITICAL,0,1,0,1,1
PUNJAB,FATEHGARH SAHIB,1048,599814,0.174721,262,33.33,0.71,CRITICAL,0,1,0,1,1
PUNJAB,MANSA,1124,768808,0.1462,281,33.33,0.71,CRITICAL,0,1,0,1,1
PUNJAB,PATHANKOT,1115,675711,0.165011,279,33.37,0.71,CRITICAL,0,1,0,1,1
PUNJAB,RUPNAGAR,1246,684627,0.181997,312,33.4,0.71,CRITICAL,0,1,0,1,1
RAJASTHAN,GANGANAGAR,5504,1969520,0.279459,1376,33.33,0.71,CRITICAL,0,1,0,1,1
TAMIL NADU,DINDIGUL,6083,2159775,0.28165,1521,33.34,0.71,CRITICAL,0,1,0,1,1
TAMIL NADU,ERODE,6017,2251744,0.267215,1504,33.33,0.71,CRITICAL,0,1,0,1,1
TAMIL NADU,KRISHNAGIRI,5075,1879809,0.269974,1269,33.34,0.71,CRITICAL,0,1,0,1,1
TAMIL NADU,NAGAPATTINAM,4047,1616450,0.250363,1012,33.34,0.71,CRITICAL,0,1,0,1,1
TAMIL NADU,NAMAKKAL,4872,1726601,0.282173,1218,33.33,0.71,CRITICAL,0,1,0,1,1
TAMIL NADU,VIRUDHUNAGAR,5407,1942288,0.278383,1352,33.34,0.71,CRITICAL,0,1,0,1,1
TELANGANA,NIZAMABAD,6577,2551335,0.257787,1644,33.33,0.71,CRITICAL,0,1,0,1,1
UTTAR PRADESH,AMETHI,7197,2549673,0.282271,1799,33.33,0.71,CRITICAL,0,1,0,1,1
UTTAR PRADESH,AURAIYA,3733,1379545,0.270596,933,33.32,0.71,CRITICAL,0,1,0,1,1
UTTAR PRADESH,FAIZABAD,6926,2470996,0.280292,1732,33.35,0.71,CRITICAL,0,1,0,1,1
UTTAR PRADESH,SONBHADRA,5034,1862559,0.270273,1259,33.35,0.71,CRITICAL,0,1,0,1,1
WEST BENGAL,PASCHIM MEDINIPUR,18085,5943300,0.304292,4521,33.33,0.71,CRITICAL,1,1,0,1,1
CHHATTISGARH,BALOD,1678,826165,0.203107,420,33.39,0.71,CRITICAL,0,1,0,1,1
CHHATTISGARH,KANKER,1705,748593,0.227761,426,33.31,0.71,CRITICAL,0,1,0,1,1
ODISHA,JHARSUGUDA,1182,579505,0.203967,296,33.41,0.71,CRITICAL,0,1,0,1,1
PUNJAB,MOGA,1535,996089,0.154103,384,33.36,0.71,CRITICAL,0,1,0,1,1
CHHATTISGARH,DANTEWADA,710,533638,0.133049,178,33.46,0.71,CRITICAL,0,1,0,1,1
UTTAR PRADESH,ALIGARH,26192,3673889,0.712923,2910,12.5,0.7,CRITICAL,0,1,0,1,1
UTTAR PRADESH,MAHARAJGANJ,17871,2665292,0.670508,1986,12.5,0.7,CRITICAL,0,1,0,1,1
BIHAR,BHAGALPUR,21062,3037766,0.693338,2340,12.5,0.7,CRITICAL,0,1,0,1,1
ASSAM,KOKRAJHAR,4609,886999,0.519617,512,12.5,0.7,CRITICAL,0,1,0,1,1
ASSAM,UDALGURI,4565,832769,0.548171,652,16.66,0.7,CRITICAL,0,1,0,1,1
ASSAM,DHUBRI,12646,1948632,0.648968,1581,14.29,0.7,CRITICAL,0,1,0,1,1
ASSAM,TINSUKIA,8384,1316948,0.636623,1048,14.29,0.7,CRITICAL,0,1,0,1,1
GUJARAT,PATAN,8967,1342746,0.667811,996,12.5,0.7,CRITICAL,0,1,0,1,1
ASSAM,LAKHIMPUR,7199,1040644,0.691783,800,12.5,0.7,CRITICAL,0,1,0,1,1
GUJARAT,GIR SOMNATH,5723,1217477,0.47007,818,16.68,0.7,CRITICAL,0,1,0,1,1
ASSAM,NALBARI,3881,769919,0.504079,647,20.01,0.7,CRITICAL,0,1,0,1,1
RAJASTHAN,JODHPUR,22215,3687165,0.602495,2777,14.29,0.7,CRITICAL,0,1,0,1,1
DELHI,CENTRAL DELHI,3947,582320,0.677806,493,14.27,0.7,CRITICAL,0,1,0,1,1
BIHAR,GAYA,27401,4391418,0.623967,3425,14.29,0.7,CRITICAL,0,1,0,1,1
MADHYA PRADESH,BETUL,8166,1575362,0.518357,1361,20,0.7,CRITICAL,0,1,0,1,1
ASSAM,WEST KARBI ANGLONG,1884,313232,0.601471,236,14.32,0.7,CRITICAL,0,1,0,1,1
UTTAR PRADESH,KANPUR DEHAT,8017,1795092,0.446607,1336,20,0.7,CRITICAL,0,1,0,1,1
GUJARAT,PORBANDAR,2519,586062,0.429818,360,16.67,0.7,CRITICAL,0,1,0,1,1
PUNJAB,KAPURTHALA,3726,817668,0.455686,466,14.29,0.7,CRITICAL,0,1,0,1,1
TELANGANA,HYDERABAD,25990,3943323,0.659089,3249,14.29,0.7,CRITICAL,0,1,0,1,1
UTTAR PRADESH,VARANASI,23334,3676841,0.634621,2917,14.29,0.7,CRITICAL,0,1,0,1,1
MADHYA PRADESH,DHAR,12712,2184672,0.581872,1816,16.67,0.7,CRITICAL,0,1,0,1,1
GUJARAT,DAHOD,10509,2127086,0.494056,1752,20.01,0.7,CRITICAL,0,1,0,1,1
UTTAR PRADESH,BAGHPAT,6839,1303048,0.524846,977,16.67,0.7,CRITICAL,0,1,0,1,1
UTTAR PRADESH,ETAWAH,7154,1581810,0.452267,1192,19.99,0.7,CRITICAL,0,1,0,1,1
MADHYA PRADESH,JABALPUR,12467,2460714,0.506642,2078,20,0.7,CRITICAL,0,1,0,1,1
GUJARAT,BOTAD,2947,656005,0.449234,421,16.67,0.7,CRITICAL,0,1,0,1,1
UTTAR PRADESH,BALRAMPUR,12324,2149066,0.573458,1761,16.67,0.7,CRITICAL,0,1,0,1,1
UTTAR PRADESH,BAREILLY,27811,4448359,0.625197,3476,14.28,0.7,CRITICAL,0,1,0,1,1
RAJASTHAN,BUNDI,4872,1110906,0.438561,812,20,0.7,CRITICAL,0,1,0,1,1
UTTAR PRADESH,SHRAWASTI,5117,1114615,0.459082,853,20,0.7,CRITICAL,0,1,0,1,1
DELHI,EAST DELHI,10736,1709346,0.628076,1342,14.29,0.7,CRITICAL,0,1,0,1,1
TRIPURA,UNAKOTI,639,,,128,25.05,0.7,UNKNOWN,0,1,0,0,0
MADHYA PRADESH,BHOPAL,12862,2371061,0.542458,1837,16.66,0.7,CRITICAL,0,1,0,1,1
JHARKHAND,GODDA,5390,1313551,0.410338,1078,25,0.7,CRITICAL,0,1,0,1,1
MADHYA PRADESH,SAGAR,13841,2378458,0.581932,1977,16.66,0.7,CRITICAL,0,1,0,1,1
RAJASTHAN,ALWAR,23383,3674179,0.636414,2923,14.29,0.7,CRITICAL,0,1,0,1,1
UTTAR PRADESH,PILIBHIT,13635,2037940,0.669058,1704,14.28,0.7,CRITICAL,0,1,0,1,1
UTTAR PRADESH,KAUSHAMBI,7463,1599596,0.466555,1244,20,0.7,CRITICAL,0,1,0,1,1
BIHAR,JEHANABAD,4883,1125313,0.433924,814,20,0.7,CRITICAL,0,1,0,1,1
RAJASTHAN,BARAN,6267,1223921,0.512043,1045,20.01,0.7,CRITICAL,0,1,0,1,1
NAGALAND,LONGLENG,889,,,148,19.97,0.7,UNKNOWN,0,1,0,0,0
BIHAR,JAMUI,10382,1760405,0.589751,1483,16.66,0.7,CRITICAL,0,1,0,1,1
SIKKIM,SOUTH SIKKIM,459,,,77,20.16,0.7,UNKNOWN,0,1,0,0,0
NAGALAND,NOKLAK,354,,,71,25.09,0.7,UNKNOWN,0,1,0,0,0
RAJASTHAN,AJMER,12135,2583052,0.469793,2023,20.01,0.7,CRITICAL,0,1,0,1,1
SIKKIM,WEST SIKKIM,501,,,84,20.14,0.7,UNKNOWN,0,1,0,0,0
UTTAR PRADESH,BASTI,10119,2464464,0.410596,2024,25,0.7,CRITICAL,0,1,0,1,1
JHARKHAND,HAZARIBAGH,6204,1734005,0.357784,1241,25.01,0.7,CRITICAL,0,1,0,1,1
RAJASTHAN,UDAIPUR,14906,3068420,0.485787,2484,20,0.7,CRITICAL,0,1,0,1,1
RAJASTHAN,KOTA,7525,1950491,0.3858,1505,25,0.7,CRITICAL,0,1,0,1,1
NAGALAND,CHUMUKEDIMA,184,,,37,25.17,0.7,UNKNOWN,0,1,0,0,0
UTTAR PRADESH,AMROHA,8142,1838772,0.442796,1357,20,0.7,CRITICAL,0,1,0,1,1
MIZORAM,SAIHA,657,,,110,20.11,0.7,UNKNOWN,0,1,0,0,0
WEST BENGAL,DAKSHIN DINAJPUR,6526,1670931,0.390561,1305,25,0.7,CRITICAL,0,1,0,1,1
TAMIL NADU,PUDUKKOTTAI,7045,1618345,0.435321,1409,25,0.7,CRITICAL,0,1,0,1,1
WEST BENGAL,KALIMPONG,513,251642,0.203861,86,20.14,0.7,CRITICAL,0,1,0,1,1
UTTAR PRADESH,LALITPUR,4753,1221592,0.389082,951,25.01,0.7,CRITICAL,0,1,0,1,1
BIHAR,ARWAL,3866,700843,0.551621,644,19.99,0.7,CRITICAL,0,1,0,1,1
UTTAR PRADESH,HATHRAS,6493,1565678,0.414709,1082,20,0.7,CRITICAL,0,1,0,1,1
CHHATTISGARH,BALODA BAZAR,4944,1305924,0.378583,989,25.01,0.7,CRITICAL,0,1,0,1,1
MIZORAM,LUNGLEI,726,,,121,20,0.7,UNKNOWN,0,1,0,0,0
ASSAM,DIMA HASAO,250,213529,0.11708,42,20.19,0.7,CRITICAL,0,1,0,1,1
RAJASTHAN,JAISALMER,2854,669919,0.426022,571,25.01,0.7,CRITICAL,0,1,0,1,1
RAJASTHAN,BHILWARA,11083,2408523,0.460158,1847,20,0.7,CRITICAL,0,1,0,1,1
DELHI,NORTH DELHI,4459,887978,0.502152,743,19.99,0.7,CRITICAL,0,1,0,1,1
HARYANA,ROHTAK,3413,1058683,0.322382,683,25.02,0.7,CRITICAL,0,1,0,1,1
HARYANA,PANIPAT,6088,1202811,0.506148,1015,20.01,0.7,CRITICAL,0,1,0,1,1
BIHAR,DARBHANGA,15765,3937385,0.400393,3153,25,0.7,CRITICAL,0,1,0,1,1
JHARKHAND,KHUNTI,2644,531885,0.4971,441,20.02,0.7,CRITICAL,0,1,0,1,1
ARUNACHAL PRADESH,WEST KAMENG,278,,,56,25.23,0.7,UNKNOWN,0,1,0,0,0
MEGHALAYA,KAMRUP,143,,,143,,0.7,UNKNOWN,0,1,0,0,0
NAGALAND,WOKHA,558,,,112,25.11,0.7,UNKNOWN,0,1,0,0,0
UTTAR PRADESH,SAMBHAL,8677,2217020,0.391381,1735,24.99,0.7,CRITICAL,0,1,0,1,1
RAJASTHAN,CHITTORGARH,5986,1544338,0.387609,1197,24.99,0.7,CRITICAL,0,1,0,1,1
RAJASTHAN,TONK,5915,1421326,0.416161,1183,25,0.7,CRITICAL,0,1,0,1,1
UTTAR PRADESH,JHANSI,7160,2000755,0.357865,1432,25,0.7,CRITICAL,0,1,0,1,1
TAMIL NADU,THIRUVALLUR,605,,,121,25,0.7,UNKNOWN,0,1,0,0,0
ASSAM,MAJULI,515,167304,0.307823,103,25,0.7,CRITICAL,0,1,0,1,1
MADHYA PRADESH,BALAGHAT,6805,1701698,0.399895,1361,25,0.7,CRITICAL,0,1,0,1,1
JHARKHAND,DHANBAD,11031,2684487,0.410916,2206,25,0.7,CRITICAL,0,1,0,1,1
UTTAR PRADESH,KANNAUJ,6638,1658005,0.400361,1328,25.01,0.7,CRITICAL,0,1,0,1,1
MIZORAM,KOLASIB,275,,,55,25,0.7,UNKNOWN,0,1,0,0,0
NAGALAND,MOKOKCHUNG,490,,,98,25,0.7,UNKNOWN,0,1,0,0,0
TRIPURA,GOMATI,679,,,136,25.05,0.7,UNKNOWN,0,1,0,0,0
ARUNACHAL PRADESH,EAST KAMENG,181,,,45,33.09,0.7,UNKNOWN,0,1,0,0,0
ARUNACHAL PRADESH,TAWANG,154,,,39,33.91,0.7,UNKNOWN,0,1,0,0,0
ARUNACHAL PRADESH,WEST SIANG,192,,,48,33.33,0.7,UNKNOWN,0,1,0,0,0
ASSAM,BAJALI,29,,,7,31.82,0.7,UNKNOWN,0,1,0,0,0
ASSAM,SRIBHUMI,169,,,42,33.07,0.7,UNKNOWN,0,1,0,0,0
CHHATTISGARH,BEMETARA,2771,795759,0.348221,693,33.35,0.7,CRITICAL,0,1,0,1,1
CHHATTISGARH,JASHPUR,2543,851669,0.29859,636,33.35,0.7,CRITICAL,0,1,0,1,1
CHHATTISGARH,KORBA,3542,1206563,0.293561,886,33.36,0.7,CRITICAL,0,1,0,1,1
CHHATTISGARH,MANENDRAGARH–CHIRMIRI–BHARATPUR,294,,,74,33.64,0.7,UNKNOWN,0,1,0,0,0
CHHATTISGARH,SAKTI,455,,,114,33.43,0.7,UNKNOWN,0,1,0,0,0
CHHATTISGARH,SARANGARH-BILAIGARH,186,,,47,33.81,0.7,UNKNOWN,0,1,0,0,0
GUJARAT,NARMADA,1280,590379,0.21681,320,33.33,0.7,CRITICAL,0,1,0,1,1
HARYANA,FATEHABAD,2612,942011,0.277279,653,33.33,0.7,CRITICAL,0,1,0,1,1
HARYANA,JHAJJAR,2624,956907,0.274217,656,33.33,0.7,CRITICAL,0,1,0,1,1
HARYANA,JIND,3821,1332042,0.286853,955,33.32,0.7,CRITICAL,0,1,0,1,1
HARYANA,MAHENDRAGARH,2754,921680,0.298802,689,33.37,0.7,CRITICAL,0,1,0,1,1
HARYANA,REWARI,2485,900332,0.276009,621,33.32,0.7,CRITICAL,0,1,0,1,1
JAMMU AND KASHMIR,KARGIL,526,,,132,33.5,0.7,UNKNOWN,0,1,0,0,0
JAMMU AND KASHMIR,LEH,206,,,52,33.77,0.7,UNKNOWN,0,1,0,0,0
JAMMU AND KASHMIR,SAMBA,588,,,147,33.33,0.7,UNKNOWN,0,1,0,0,0
JHARKHAND,GARHWA *,381,,,95,33.22,0.7,UNKNOWN,0,1,0,0,0
JHARKHAND,HAZARIBAG,566,,,142,33.49,0.7,UNKNOWN,0,1,0,0,0
JHARKHAND,LATEHAR,2609,725673,0.359528,652,33.32,0.7,CRITICAL,0,1,0,1,1
JHARKHAND,PALAMAU,286,,,72,33.64,0.7,UNKNOWN,0,1,0,0,0
JHARKHAND,RAMGARH,2979,949159,0.313857,745,33.35,0.7,CRITICAL,0,1,0,1,1
JHARKHAND,SIMDEGA,2079,599813,0.346608,520,33.35,0.7,CRITICAL,0,1,0,1,1
KARNATAKA,BAGALKOT *,249,,,62,33.16,0.7,UNKNOWN,0,1,0,0,0
KARNATAKA,CHAMRAJNAGAR,380,,,95,33.33,0.7,UNKNOWN,0,1,0,0,0
KARNATAKA,DAKSHINA KANNADA,6505,2089649,0.311296,1626,33.33,0.7,CRITICAL,0,1,0,1,1
KARNATAKA,GADAG *,145,,,36,33.03,0.7,UNKNOWN,0,1,0,0,0
KARNATAKA,KODAGU,1211,554762,0.218292,303,33.37,0.7,CRITICAL,0,1,0,1,1
KARNATAKA,UDUPI,3591,1177361,0.305004,898,33.35,0.7,CRITICAL,0,1,0,1,1
KERALA,KASARAGOD,3555,1307375,0.271919,889,33.35,0.7,CRITICAL,0,1,0,1,1
KERALA,KASARGOD,315,,,79,33.47,0.7,UNKNOWN,0,1,0,0,0
LADAKH,KARGIL,492,,,123,33.33,0.7,UNKNOWN,0,1,0,0,0
MADHYA PRADESH,DINDORI,2659,704218,0.377582,665,33.35,0.7,CRITICAL,0,1,0,1,1
MADHYA PRADESH,HARDA,2134,570465,0.374081,534,33.38,0.7,CRITICAL,0,1,0,1,1
MADHYA PRADESH,MAIHAR,418,,,105,33.55,0.7,UNKNOWN,0,1,0,0,0
MADHYA PRADESH,NIWARI,142,,,36,33.96,0.7,UNKNOWN,0,1,0,0,0
MAHARASHTRA,AHMED NAGAR,340,,,85,33.33,0.7,UNKNOWN,0,1,0,0,0
ANDAMAN AND NICOBAR ISLANDS,NICOBAR,75,,,19,33.93,0.7,UNKNOWN,0,1,0,0,0
ANDAMAN AND NICOBAR ISLANDS,SOUTH ANDAMAN,190,,,48,33.8,0.7,UNKNOWN,0,1,0,0,0
ANDHRA PRADESH,ANAKAPALLI,543,,,136,33.42,0.7,UNKNOWN,0,1,0,0,0
ANDHRA PRADESH,BAPATLA,492,,,123,33.33,0.7,UNKNOWN,0,1,0,0,0
ODISHA,ANUGUL,207,,,52,33.55,0.7,UNKNOWN,0,1,0,0,0
ODISHA,BALANGIR,5670,1648997,0.343845,1418,33.35,0.7,CRITICAL,0,1,0,1,1
ODISHA,BAUDH,175,,,44,33.59,0.7,UNKNOWN,0,1,0,0,0
ODISHA,BHADRAK,4891,1506522,0.324655,1223,33.34,0.7,CRITICAL,0,1,0,1,1
ODISHA,BOUDH,1424,439917,0.323697,356,33.33,0.7,CRITICAL,0,1,0,1,1
ODISHA,GAJAPATI,2002,575880,0.347642,501,33.38,0.7,CRITICAL,0,1,0,1,1
ODISHA,KALAHANDI,4496,1573054,0.285813,1124,33.33,0.7,CRITICAL,0,1,0,1,1
ODISHA,KENDRAPARA,4015,1439891,0.278841,1004,33.34,0.7,CRITICAL,0,1,0,1,1
ODISHA,KENDUJHAR,5426,1802777,0.30098,1357,33.35,0.7,CRITICAL,0,1,0,1,1
ODISHA,KORAPUT,4502,1376934,0.326958,1126,33.35,0.7,CRITICAL,0,1,0,1,1
ODISHA,MAYURBHANJ,8154,2513895,0.324357,2039,33.34,0.7,CRITICAL,0,1,0,1,1
ODISHA,NAYAGARH,2466,962215,0.256284,617,33.37,0.7,CRITICAL,0,1,0,1,1
ODISHA,NUAPADA,2122,606490,0.349882,531,33.38,0.7,CRITICAL,0,1,0,1,1
ODISHA,RAYAGADA,3226,961959,0.335357,807,33.36,0.7,CRITICAL,0,1,0,1,1
PUDUCHERRY,KARAIKAL,567,,,142,33.41,0.7,UNKNOWN,0,1,0,0,0
PUDUCHERRY,YANAM,33,,,8,32,0.7,UNKNOWN,0,1,0,0,0
PUNJAB,FIROZPUR,395,,,99,33.45,0.7,UNKNOWN,0,1,0,0,0
RAJASTHAN,CHITTAURGARH,357,,,89,33.21,0.7,UNKNOWN,0,1,0,0,0
SIKKIM,EAST,370,,,93,33.57,0.7,UNKNOWN,0,1,0,0,0
SIKKIM,NORTH SIKKIM,62,,,16,34.78,0.7,UNKNOWN,0,1,0,0,0
SIKKIM,SOUTH,197,,,49,33.11,0.7,UNKNOWN,0,1,0,0,0
TAMIL NADU,MAYILADUTHURAI,502,,,126,33.51,0.7,UNKNOWN,0,1,0,0,0
TAMIL NADU,PERAMBALUR,2130,565223,0.376842,533,33.38,0.7,CRITICAL,0,1,0,1,1
TAMIL NADU,RANIPET,111,,,28,33.73,0.7,UNKNOWN,0,1,0,0,0
TAMIL NADU,THENI,3473,1245899,0.278755,868,33.32,0.7,CRITICAL,0,1,0,1,1
TAMIL NADU,TIRUNELVELI,9675,3072880,0.314851,2419,33.34,0.7,CRITICAL,0,1,0,1,1
TAMIL NADU,TIRUVALLUR,11435,3728104,0.306724,2859,33.34,0.7,CRITICAL,0,1,0,1,1
TAMIL NADU,TIRUVANNAMALAI,7266,2464875,0.294782,1817,33.35,0.7,CRITICAL,0,1,0,1,1
TELANGANA,MEDCHAL−MALKAJGIRI,535,,,134,33.42,0.7,UNKNOWN,0,1,0,0,0
TELANGANA,PEDDAPALLI,588,,,147,33.33,0.7,UNKNOWN,0,1,0,0,0
TRIPURA,KHOWAI,339,,,85,33.46,0.7,UNKNOWN,0,1,0,0,0
UTTAR PRADESH,BALLIA,9976,3239774,0.307923,2494,33.33,0.7,CRITICAL,0,1,0,1,1
UTTAR PRADESH,GHAZIPUR,11288,3620268,0.3118,2822,33.33,0.7,CRITICAL,0,1,0,1,1
UTTAR PRADESH,MAHOBA,3020,875958,0.344765,755,33.33,0.7,CRITICAL,0,1,0,1,1
UTTAR PRADESH,MAU,7579,2205170,0.343692,1895,33.34,0.7,CRITICAL,0,1,0,1,1
UTTAR PRADESH,MIRZAPUR,7645,2494533,0.30647,1911,33.33,0.7,CRITICAL,0,1,0,1,1
UTTAR PRADESH,PRATAPGARH,10308,3173752,0.324789,2577,33.33,0.7,CRITICAL,0,1,0,1,1
UTTARAKHAND,GARHWAL,56,,,14,33.33,0.7,UNKNOWN,0,1,0,0,0
WEST BENGAL,BANKURA,11355,3596292,0.315742,2839,33.34,0.7,CRITICAL,0,1,0,1,1
WEST BENGAL,SOUTH DINAJPUR,446,,,112,33.53,0.7,UNKNOWN,0,1,0,0,0
ANDHRA PRADESH,NIZAMABAD,524,,,131,33.33,0.7,UNKNOWN,0,1,0,0,0
ANDHRA PRADESH,PARVATHIPURAM MANYAM,508,,,127,33.33,0.7,UNKNOWN,0,1,0,0,0
ARUNACHAL PRADESH,KURUNG KUMEY,75,,,19,33.93,0.7,UNKNOWN,0,1,0,0,0
ARUNACHAL PRADESH,LOHIT,166,,,42,33.87,0.7,UNKNOWN,0,1,0,0,0
ARUNACHAL PRADESH,LOWER DIBANG VALLEY,109,,,27,32.93,0.7,UNKNOWN,0,1,0,0,0
ARUNACHAL PRADESH,PAPUM PARE,447,,,112,33.43,0.7,UNKNOWN,0,1,0,0,0
ARUNACHAL PRADESH,UPPER SIANG,43,,,11,34.38,0.7,UNKNOWN,0,1,0,0,0
BIHAR,AURANGABAD(BH),113,,,28,32.94,0.7,UNKNOWN,0,1,0,0,0
BIHAR,PURBA CHAMPARAN,127,,,32,33.68,0.7,UNKNOWN,0,1,0,0,0
BIHAR,PURNEA,257,,,64,33.16,0.7,UNKNOWN,0,1,0,0,0
CHHATTISGARH,DHAMTARI,1968,799199,0.246247,492,33.33,0.7,CRITICAL,0,1,0,1,1
CHHATTISGARH,GAURELA-PENDRA-MARWAHI,140,,,35,33.33,0.7,UNKNOWN,0,1,0,0,0
CHHATTISGARH,JANJGIR-CHAMPA,4639,1619707,0.28641,1160,33.34,0.7,CRITICAL,0,1,0,1,1
CHHATTISGARH,KHAIRAGARH CHHUIKHADAN GANDAI,246,,,62,33.7,0.7,UNKNOWN,0,1,0,0,0
CHHATTISGARH,KORIYA,1763,659039,0.267511,441,33.36,0.7,CRITICAL,0,1,0,1,1
CHHATTISGARH,MAHASAMUND,3361,1032275,0.325592,840,33.32,0.7,CRITICAL,0,1,0,1,1
CHHATTISGARH,MOHLA-MANPUR-AMBAGARH CHOUKI,259,,,65,33.51,0.7,UNKNOWN,0,1,0,0,0
CHHATTISGARH,NARAYANPUR,762,139820,0.544986,191,33.45,0.7,CRITICAL,0,1,0,1,1
JHARKHAND,KODARMA,310,,,78,33.62,0.7,UNKNOWN,0,1,0,0,0
JHARKHAND,PAKAUR,297,,,74,33.18,0.7,UNKNOWN,0,1,0,0,0
JHARKHAND,SAHIBGANJ,365,,,91,33.21,0.7,UNKNOWN,0,1,0,0,0
LAKSHADWEEP,LAKSHADWEEP,203,,,51,33.55,0.7,UNKNOWN,0,1,0,0,0
MADHYA PRADESH,MAUGANJ,438,,,110,33.54,0.7,UNKNOWN,0,1,0,0,0
MAHARASHTRA,CHATRAPATI SAMBHAJI NAGAR,211,,,53,33.54,0.7,UNKNOWN,0,1,0,0,0
MAHARASHTRA,MUMBAI( SUB URBAN ),419,,,105,33.44,0.7,UNKNOWN,0,1,0,0,0
MAHARASHTRA,NANDURBAR *,140,,,35,33.33,0.7,UNKNOWN,0,1,0,0,0
MIZORAM,MAMIT,171,,,43,33.59,0.7,UNKNOWN,0,1,0,0,0
MIZORAM,SERCHHIP,102,,,26,34.21,0.7,UNKNOWN,0,1,0,0,0
ANDAMAN & NICOBAR ISLANDS,ANDAMANS,75,,,19,33.93,0.7,UNKNOWN,0,1,0,0,0
ANDAMAN & NICOBAR ISLANDS,SOUTH ANDAMAN,38,,,10,35.71,0.7,UNKNOWN,0,1,0,0,0
ANDAMAN AND NICOBAR ISLANDS,NORTH AND MIDDLE ANDAMAN,132,,,33,33.33,0.7,UNKNOWN,0,1,0,0,0
ANDHRA PRADESH,K.V.RANGAREDDY,69,,,17,32.69,0.7,UNKNOWN,0,1,0,0,0
ANDHRA PRADESH,K.V. RANGAREDDY,19,,,5,35.71,0.7,UNKNOWN,0,1,0,0,0
ANDHRA PRADESH,KARIM NAGAR,82,,,21,34.43,0.7,UNKNOWN,0,1,0,0,0
UTTAR PRADESH,BULANDSHAHAR,185,,,46,33.09,0.7,UNKNOWN,0,1,0,0,0
UTTAR PRADESH,HAMIRPUR,3465,1104285,0.313778,866,33.32,0.7,CRITICAL,0,1,0,1,1
WEST BENGAL,HUGLI,194,,,49,33.79,0.7,UNKNOWN,0,1,0,0,0
WEST BENGAL,NORTH DINAJPUR,342,,,86,33.59,0.7,UNKNOWN,0,1,0,0,0
SIKKIM,NORTH,44,,,11,33.33,0.7,UNKNOWN,0,1,0,0,0
MANIPUR,KAKCHING,109,,,27,32.93,0.7,UNKNOWN,0,1,0,0,0
PUNJAB,S.A.S NAGAR(MOHALI),277,,,69,33.17,0.7,UNKNOWN,0,1,0,0,0
SIKKIM,EAST SIKKIM,339,,,85,33.46,0.7,UNKNOWN,0,1,0,0,0
SIKKIM,WEST,208,,,52,33.33,0.7,UNKNOWN,0,1,0,0,0
ARUNACHAL PRADESH,LOWER SUBANSIRI,105,,,26,32.91,0.7,UNKNOWN,0,1,0,0,0
ARUNACHAL PRADESH,NAMSAI,150,,,38,33.93,0.7,UNKNOWN,0,1,0,0,0
BIHAR,SHEIKPURA,29,,,7,31.82,0.7,UNKNOWN,0,1,0,0,0
DADRA & NAGAR HAVELI,DADRA & NAGAR HAVELI,25,,,6,31.58,0.7,UNKNOWN,0,1,0,0,0
DADRA AND NAGAR HAVELI AND DAMAN AND DIU,DAMAN,121,,,30,32.97,0.7,UNKNOWN,0,1,0,0,0
HARYANA,PANCHKULA,1384,561293,0.246574,346,33.33,0.7,CRITICAL,0,1,0,1,1
MADHYA PRADESH,PANDHURNA,98,,,25,34.25,0.7,UNKNOWN,0,1,0,0,0
MAHARASHTRA,BID,568,,,142,33.33,0.7,UNKNOWN,0,1,0,0,0
MAHARASHTRA,GONDIYA *,57,,,14,32.56,0.7,UNKNOWN,0,1,0,0,0
UTTAR PRADESH,JYOTIBA PHULE NAGAR,84,,,21,33.33,0.7,UNKNOWN,0,1,0,0,0
UTTAR PRADESH,SANT RAVIDAS NAGAR BHADOHI,84,,,21,33.33,0.7,UNKNOWN,0,1,0,0,0
NAGALAND,MELURI,17,,,6,54.55,0.7,UNKNOWN,0,1,0,0,0
RAJASTHAN,DHAULPUR,139,,,35,33.65,0.7,UNKNOWN,0,1,0,0,0
ARUNACHAL PRADESH,ANJAW,37,,,9,32.14,0.7,UNKNOWN,0,1,0,0,0
ARUNACHAL PRADESH,EAST SIANG,168,,,42,33.33,0.7,UNKNOWN,0,1,0,0,0
ASSAM,TAMULPUR DISTRICT,55,,,14,34.15,0.7,UNKNOWN,0,1,0,0,0
JAMMU & KASHMIR,KARGIL,4,,,1,33.33,0.7,UNKNOWN,0,1,0,0,0
KARNATAKA,CHAMARAJANAGAR *,23,,,6,35.29,0.7,UNKNOWN,0,1,0,0,0
MAHARASHTRA,DHARASHIV,144,,,36,33.33,0.7,UNKNOWN,0,1,0,0,0
TRIPURA,DHALAI *,32,,,8,33.33,0.7,UNKNOWN,0,1,0,0,0
MANIPUR,JIRIBAM,145,,,36,33.03,0.7,UNKNOWN,0,1,0,0,0
MIZORAM,SAITUAL,12,,,3,33.33,0.7,UNKNOWN,0,1,0,0,0
ARUNACHAL PRADESH,KRA DAADI,81,,,20,32.79,0.7,UNKNOWN,0,1,0,0,0
ARUNACHAL PRADESH,UPPER SUBANSIRI,143,,,36,33.64,0.7,UNKNOWN,0,1,0,0,0
BIHAR,BHABUA,31,,,8,34.78,0.7,UNKNOWN,0,1,0,0,0
ARUNACHAL PRADESH,KAMLE,30,,,8,36.36,0.7,UNKNOWN,0,1,0,0,0
JAMMU & KASHMIR,BARAMULA,47,,,12,34.29,0.7,UNKNOWN,0,1,0,0,0
KARNATAKA,HAVERI *,117,,,29,32.95,0.7,UNKNOWN,0,1,0,0,0
MIZORAM,MAMMIT,79,,,20,33.9,0.7,UNKNOWN,0,1,0,0,0
NAGALAND,SHAMATOR,247,,,62,33.51,0.7,UNKNOWN,0,1,0,0,0
TELANGANA,JANGAON,81,,,20,32.79,0.7,UNKNOWN,0,1,0,0,0
100000,100000,218,,,55,33.74,0.7,UNKNOWN,0,1,0,0,0
BIHAR,MONGHYR,49,,,12,32.43,0.7,UNKNOWN,0,1,0,0,0
BIHAR,SAMSTIPUR,82,,,21,34.43,0.7,UNKNOWN,0,1,0,0,0
DAMAN & DIU,DIU,12,,,3,33.33,0.7,UNKNOWN,0,1,0,0,0
DELHI,NAJAFGARH,30,,,8,36.36,0.7,UNKNOWN,0,1,0,0,0
HIMACHAL PRADESH,KINNAUR,163,,,41,33.61,0.7,UNKNOWN,0,1,0,0,0
TELANGANA,WARANGAL (URBAN),7,,,2,40,0.7,UNKNOWN,0,1,0,0,0
LADAKH,LEH,125,,,31,32.98,0.7,UNKNOWN,0,1,0,0,0
ARUNACHAL PRADESH,SIANG,103,,,26,33.77,0.7,UNKNOWN,0,1,0,0,0
ARUNACHAL PRADESH,TIRAP,99,,,25,33.78,0.7,UNKNOWN,0,1,0,0,0
SIKKIM,NAMCHI,24,,,6,33.33,0.7,UNKNOWN,0,1,0,0,0
UTTARAKHAND,HARDWAR,146,,,37,33.94,0.7,UNKNOWN,0,1,0,0,0
NAGALAND,NIULAND,31,,,8,34.78,0.7,UNKNOWN,0,1,0,0,0
ANDHRA PRADESH,MAHABUBNAGAR,7,,,2,40,0.7,UNKNOWN,0,1,0,0,0
ARUNACHAL PRADESH,SHI-YOMI,35,,,9,34.62,0.7,UNKNOWN,0,1,0,0,0
WEST BANGAL,HOWRAH,4,,,2,100,0.7,UNKNOWN,0,1,0,0,0
MIZORAM,KHAWZAWL,36,,,9,33.33,0.7,UNKNOWN,0,1,0,0,0
CHHATTISGARH,JANJGIR - CHAMPA,33,,,8,32,0.7,UNKNOWN,0,1,0,0,0
DADRA AND NAGAR HAVELI AND DAMAN AND DIU,DIU,84,,,21,33.33,0.7,UNKNOWN,0,1,0,0,0
HIMACHAL PRADESH,LAHUL AND SPITI,32,,,8,33.33,0.7,UNKNOWN,0,1,0,0,0
CHHATTISGARH,JANJGIR CHAMPA,25,,,6,31.58,0.7,UNKNOWN,0,1,0,0,0
MAHARASHTRA,WASHIM *,32,,,8,33.33,0.7,UNKNOWN,0,1,0,0,0
ANDAMAN & NICOBAR ISLANDS,NICOBARS,1,,,1,,0.7,UNKNOWN,0,1,0,0,0
ARUNACHAL PRADESH,LOWER SIANG,31,,,8,34.78,0.7,UNKNOWN,0,1,0,0,0
DAMAN & DIU,DAMAN,9,,,2,28.57,0.7,UNKNOWN,0,1,0,0,0
HIMACHAL PRADESH,LAHUL & SPITI,38,,,10,35.71,0.7,UNKNOWN,0,1,0,0,0
JAMMU & KASHMIR,JAMMU,62,,,16,34.78,0.7,UNKNOWN,0,1,0,0,0
HARYANA,JHAJJAR *,1,,,1,,0.7,UNKNOWN,0,1,0,0,0
WEST BENGAL,HAWRAH,6,,,3,100,0.7,UNKNOWN,0,1,0,0,0
WESTBENGAL,HOOGHLY,7,,,2,40,0.7,UNKNOWN,0,1,0,0,0
JAMMU & KASHMIR,SRINAGAR,3,,,1,50,0.7,UNKNOWN,0,1,0,0,0
KARNATAKA,BENGALURU SOUTH,203,,,51,33.55,0.7,UNKNOWN,0,1,0,0,0
MAHARASHTRA,RAIGARH(MH),88,,,22,33.33,0.7,UNKNOWN,0,1,0,0,0
TAMIL NADU,TIRUPATHUR,4,,,4,,0.7,UNKNOWN,0,1,0,0,0
ARUNACHAL PRADESH,DIBANG VALLEY,10,,,3,42.86,0.7,UNKNOWN,0,1,0,0,0
RAJASTHAN,DEEG,69,,,17,32.69,0.7,UNKNOWN,0,1,0,0,0
ARUNACHAL PRADESH,LEPARADA,3,,,1,50,0.7,UNKNOWN,0,1,0,0,0
JAMMU & KASHMIR,ANANTNAG,4,,,2,100,0.7,UNKNOWN,0,1,0,0,0
TELANGANA,MEDCHAL?MALKAJGIRI,2,,,1,100,0.7,UNKNOWN,0,1,0,0,0
WEST BENGAL,MEDINIPUR,29,,,7,31.82,0.7,UNKNOWN,0,1,0,0,0
CHHATTISGARH,MOHALLA-MANPUR-AMBAGARH CHOWKI,14,,,5,55.56,0.7,UNKNOWN,0,1,0,0,0
NAGALAND,TSEMINYU,32,,,8,33.33,0.7,UNKNOWN,0,1,0,0,0
UTTAR PRADESH,MAHRAJGANJ,19,,,5,35.71,0.7,UNKNOWN,0,1,0,0,0
MIZORAM,HNAHTHIAL,2,,,1,100,0.7,UNKNOWN,0,1,0,0,0
JAMMU & KASHMIR,KATHUA,8,,,3,60,0.7,UNKNOWN,0,1,0,0,0
ARUNACHAL PRADESH,PAKKE KESSANG,4,,,1,33.33,0.7,UNKNOWN,0,1,0,0,0
CHANDIGARH,RUPNAGAR,3,,,2,200,0.7,UNKNOWN,0,1,0,0,0
UTTAR PRADESH,KUSHINAGAR *,6,,,2,50,0.7,UNKNOWN,0,1,0,0,0
JAMMU & KASHMIR,UDHAMPUR,2,,,1,100,0.7,UNKNOWN,0,1,0,0,0
WEST BENGAL,EAST MIDNAPUR,1,,,1,,0.7,UNKNOWN,0,1,0,0,0
JAMMU & KASHMIR,KUPWARA,9,,,3,50,0.7,UNKNOWN,0,1,0,0,0
MAHARASHTRA,HINGOLI *,1,,,1,,0.7,UNKNOWN,0,1,0,0,0
WEST BANGAL,HOOGHLY,6,,,2,50,0.7,UNKNOWN,0,1,0,0,0
DELHI,NORTH EAST *,2,,,2,,0.7,UNKNOWN,0,1,0,0,0
GOA,BARDEZ,2,,,1,100,0.7,UNKNOWN,0,1,0,0,0
TAMIL NADU,NAMAKKAL *,1,,,1,,0.7,UNKNOWN,0,1,0,0,0
WEST BENGAL,HOOGHIY,1,,,1,,0.7,UNKNOWN,0,1,0,0,0
MANIPUR,PHERZAWL,11,,,3,37.5,0.7,UNKNOWN,0,1,0,0,0
MEGHALAYA,JAINTIA HILLS,4,,,4,,0.7,UNKNOWN,0,1,0,0,0
JAMMU & KASHMIR,PULWAMA,4,,,1,33.33,0.7,UNKNOWN,0,1,0,0,0
WEST BENGAL,WEST MEDINIPUR,2,,,2,,0.7,UNKNOWN,0,1,0,0,0
HIMACHAL PRADESH,LAHAUL AND SPITI,3,,,2,200,0.7,UNKNOWN,0,1,0,0,0
WEST BENGAL,BURDWAN,2,,,2,,0.7,UNKNOWN,0,1,0,0,0
JAMMU & KASHMIR,BANDIPUR,2,,,1,100,0.7,UNKNOWN,0,1,0,0,0
SIKKIM,MANGAN,3,,,1,50,0.7,UNKNOWN,0,1,0,0,0
JAMMU & KASHMIR,LEH (LADAKH),3,,,2,200,0.7,UNKNOWN,0,1,0,0,0
JHARKHAND,BOKARO *,2,,,1,100,0.7,UNKNOWN,0,1,0,0,0
WEST BENGAL,SOUTH 24 PARGANA,2,,,1,100,0.7,UNKNOWN,0,1,0,0,0
MAHARASHTRA,AHILYANAGAR,13,,,13,,0.7,UNKNOWN,0,1,0,0,0
ODISHA,ANUGAL,3,,,2,200,0.7,UNKNOWN,0,1,0,0,0
KARNATAKA,UDUPI *,2,,,2,,0.7,UNKNOWN,0,1,0,0,0
ODISHA,KENDRAPARA *,1,,,1,,0.7,UNKNOWN,0,1,0,0,0
JAMMU & KASHMIR,DODA,2,,,2,,0.7,UNKNOWN,0,1,0,0,0
JAMMU & KASHMIR,RAJAURI,2,,,1,100,0.7,UNKNOWN,0,1,0,0,0
JAMMU & KASHMIR,BADGAM,2,,,2,,0.7,UNKNOWN,0,1,0,0,0
KARNATAKA,BIJAPUR(KAR),3,,,2,200,0.7,UNKNOWN,0,1,0,0,0
UTTAR PRADESH,BAGPAT,1,,,1,,0.7,UNKNOWN,0,1,0,0,0
RAJASTHAN,BALOTRA,1,,,1,,0.7,UNKNOWN,0,1,0,0,0
JAMMU & KASHMIR,PUNCH,1,,,1,,0.7,UNKNOWN,0,1,0,0,0
RAJASTHAN,DIDWANA-KUCHAMAN,2,,,2,,0.7,UNKNOWN,0,1,0,0,0
RAJASTHAN,SALUMBAR,1,,,1,,0.7,UNKNOWN,0,1,0,0,0
RAJASTHAN,BEAWAR,1,,,1,,0.7,UNKNOWN,0,1,0,0,0
HARYANA,FARIDABAD,16155,1809733,0.892673,1795,12.5,0.69,CRITICAL,0,1,0,1,1
DELHI,WEST DELHI,19414,2543243,0.763356,2157,12.5,0.69,CRITICAL,0,1,0,1,1
MADHYA PRADESH,BHIND,13967,1703005,0.820139,1552,12.5,0.69,CRITICAL,0,1,0,1,1
MADHYA PRADESH,KATNI,10941,1292042,0.846799,1368,14.29,0.69,CRITICAL,0,1,0,1,1
ASSAM,CHIRANG,3348,481818,0.694868,478,16.66,0.69,CRITICAL,0,1,0,1,1
ASSAM,KAMRUP,13666,1517542,0.900535,1518,12.5,0.69,CRITICAL,0,1,0,1,1
ASSAM,DHEMAJI,6901,686133,1.005782,767,12.5,0.69,CRITICAL,0,0,0,1,1
ASSAM,BARPETA,14383,1693190,0.849462,1598,12.5,0.69,CRITICAL,0,1,0,1,1
ASSAM,HOJAI,7050,931218,0.757073,881,14.28,0.69,CRITICAL,0,1,0,1,1
GUJARAT,MORBI,8004,960329,0.833464,889,12.49,0.69,CRITICAL,0,1,0,1,1
JHARKHAND,DEOGHAR,8324,1492073,0.557882,1387,19.99,0.69,CRITICAL,0,1,0,1,1
ASSAM,DARRANG,7595,928500,0.817986,949,14.28,0.69,CRITICAL,0,1,0,1,1
ASSAM,NORTH CACHAR HILLS,1058,,,176,19.95,0.69,UNKNOWN,0,1,0,0,0
MAHARASHTRA,HINGOLI,8189,1177345,0.695548,1024,14.29,0.69,CRITICAL,0,1,0,1,1
NAGALAND,KOHIMA,1621,,,270,19.99,0.69,UNKNOWN,0,1,0,0,0
NAGALAND,DIMAPUR,3196,,,400,14.31,0.69,UNKNOWN,0,1,0,0,0
GUJARAT,BANASKANTHA,17360,3116045,0.557116,2893,20,0.69,CRITICAL,0,1,0,1,1
ASSAM,SOUTH SALMARA MANKACHAR,1472,,,294,24.96,0.69,UNKNOWN,0,1,0,0,0
RAJASTHAN,CHURU,12780,2041172,0.626111,1826,16.67,0.69,CRITICAL,0,1,0,1,1
JHARKHAND,LOHARDAGA,2959,461738,0.64084,493,19.99,0.69,CRITICAL,0,1,0,1,1
MEGHALAYA,NORTH GARO HILLS,3069,,,438,16.65,0.69,UNKNOWN,0,1,0,0,0
BIHAR,PURNIA,20100,3264619,0.615692,2871,16.66,0.69,CRITICAL,0,1,0,1,1
BIHAR,SARAN,24218,3943098,0.614187,3460,16.67,0.69,CRITICAL,0,1,0,1,1
GUJARAT,DEVBHUMI DWARKA,2490,,,356,16.68,0.69,UNKNOWN,0,1,0,0,0
MEGHALAYA,SOUTH WEST KHASI HILLS,3446,,,431,14.3,0.69,UNKNOWN,0,1,0,0,0
MAHARASHTRA,NANDURBAR,10516,1648295,0.637993,1502,16.66,0.69,CRITICAL,0,1,0,1,1
UTTAR PRADESH,SITAPUR,30854,4474446,0.68956,3857,14.29,0.69,CRITICAL,0,1,0,1,1
NAGALAND,PHEK,1043,,,209,25.06,0.69,UNKNOWN,0,1,0,0,0
MADHYA PRADESH,INDORE,22303,3272335,0.681562,2788,14.29,0.69,CRITICAL,0,1,0,1,1
RAJASTHAN,DUNGARPUR,6571,1388552,0.473227,1314,25,0.69,CRITICAL,0,1,0,1,1
UTTAR PRADESH,MAINPURI,11726,1868529,0.627552,1675,16.67,0.69,CRITICAL,0,1,0,1,1
UTTAR PRADESH,SIDDHARTHNAGAR,14013,2553526,0.548771,2336,20.01,0.69,CRITICAL,0,1,0,1,1
MADHYA PRADESH,DATIA,5843,786375,0.74303,974,20,0.69,CRITICAL,0,1,0,1,1
GUJARAT,ARVALLI,2391,,,399,20.03,0.69,UNKNOWN,0,1,0,0,0
MIZORAM,CHAMPHAI,1165,,,166,16.62,0.69,UNKNOWN,0,1,0,0,0
JHARKHAND,PAKUR,6924,899200,0.770018,989,16.66,0.69,CRITICAL,0,1,0,1,1
MADHYA PRADESH,VIDISHA,10374,1458875,0.711096,1482,16.67,0.69,CRITICAL,0,1,0,1,1
UTTAR PRADESH,ETAH,11264,1774480,0.634778,1609,16.66,0.69,CRITICAL,0,1,0,1,1
UTTAR PRADESH,MEERUT,24027,3443689,0.697711,3003,14.28,0.69,CRITICAL,0,1,0,1,1
RAJASTHAN,KARAULI,8636,1458248,0.592218,1439,19.99,0.69,CRITICAL,0,1,0,1,1
RAJASTHAN,JHALAWAR,7036,1411327,0.498538,1407,25,0.69,CRITICAL,0,1,0,1,1
DELHI,SHAHDARA,1700,,,243,16.68,0.69,UNKNOWN,0,1,0,0,0
NAGALAND,PEREN,1454,,,182,14.31,0.69,UNKNOWN,0,1,0,0,0
NAGALAND,TUENSANG,1579,,,263,19.98,0.69,UNKNOWN,0,1,0,0,0
CHHATTISGARH,SUKMA,2179,249000,0.8751,311,16.65,0.69,CRITICAL,0,1,0,1,1
GUJARAT,THE DANGS,1328,,,221,19.96,0.69,UNKNOWN,0,1,0,0,0
MADHYA PRADESH,ALIRAJPUR,7010,728999,0.961593,876,14.28,0.69,CRITICAL,0,1,0,1,1
MADHYA PRADESH,DEWAS,10442,1563715,0.667769,1492,16.67,0.69,CRITICAL,0,1,0,1,1
RAJASTHAN,PALI,9114,2037573,0.447297,1823,25,0.69,CRITICAL,0,1,0,1,1
UTTAR PRADESH,BIJNOR,16851,3682713,0.45757,3370,25,0.69,CRITICAL,0,1,0,1,1
BIHAR,GOPALGANJ,15148,2562012,0.591254,2164,16.67,0.69,CRITICAL,0,1,0,1,1
UTTAR PRADESH,HAPUR,7262,1338211,0.542665,1210,19.99,0.69,CRITICAL,0,1,0,1,1
MANIPUR,BISHNUPUR,1117,,,223,24.94,0.69,UNKNOWN,0,1,0,0,0
BIHAR,SAHARSA,13063,1900661,0.687287,1866,16.67,0.69,CRITICAL,0,1,0,1,1
MIZORAM,LAWNGTLAI,1642,,,235,16.7,0.69,UNKNOWN,0,1,0,0,0
BIHAR,KATIHAR,16350,3071029,0.532395,2725,20,0.69,CRITICAL,0,1,0,1,1
MAHARASHTRA,DHULE,12605,2050862,0.61462,1801,16.67,0.69,CRITICAL,0,1,0,1,1
MANIPUR,IMPHAL WEST,1236,,,247,24.97,0.69,UNKNOWN,0,1,0,0,0
BIHAR,LAKHISARAI,6155,1000912,0.614939,1026,20,0.69,CRITICAL,0,1,0,1,1
BIHAR,BANKA,11074,2034763,0.54424,1846,20,0.69,CRITICAL,0,1,0,1,1
THE DADRA AND NAGAR HAVELI AND DAMAN AND DIU,DADRA AND NAGAR HAVELI,716,,,358,100,0.69,UNKNOWN,0,1,0,0,0
GUJARAT,DANG,872,228291,0.381969,436,100,0.69,CRITICAL,0,1,0,1,1
BIHAR,NALANDA,14575,2877653,0.506489,2429,20,0.69,CRITICAL,0,1,0,1,1
TAMIL NADU,KALLAKURICHI,1064,,,213,25.03,0.69,UNKNOWN,0,1,0,0,0
WEST BENGAL,MEDINIPUR WEST,645,,,323,100.31,0.69,UNKNOWN,0,1,0,0,0
BIHAR,ARARIA,15579,2811569,0.554103,2597,20,0.69,CRITICAL,0,1,0,1,1
JHARKHAND,CHATRA,6302,1042304,0.604622,1050,19.99,0.69,CRITICAL,0,1,0,1,1
ANDHRA PRADESH,VISAKHAPATANAM,226,,,226,,0.69,UNKNOWN,0,1,0,0,0
TRIPURA,DHALAI,1420,,,284,25,0.69,UNKNOWN,0,1,0,0,0
DELHI,NEW DELHI,1637,142004,1.152784,273,20.01,0.69,CRITICAL,0,0,0,1,1
NAGALAND,MON,2223,,,371,20.03,0.69,UNKNOWN,0,1,0,0,0
JHARKHAND,GUMLA,6701,1025656,0.653338,1117,20,0.69,CRITICAL,0,1,0,1,1
PUNJAB,S.A.S NAGAR,705,,,353,100.28,0.69,UNKNOWN,0,1,0,0,0
DELHI,NORTH EAST DELHI,12113,2241624,0.540367,2019,20,0.69,CRITICAL,0,1,0,1,1
UTTAR PRADESH,AYODHYA,1693,,,282,19.99,0.69,UNKNOWN,0,1,0,0,0
TELANGANA,MEDCHAL MALKAJGIRI,704,,,352,100,0.69,UNKNOWN,0,1,0,0,0
HIMACHAL PRADESH,KULLU,1239,,,248,25.03,0.69,UNKNOWN,0,1,0,0,0
TAMIL NADU,CHENGALPATTU,1253,,,251,25.05,0.69,UNKNOWN,0,1,0,0,0
JHARKHAND,WEST SINGHBHUM,6848,1502338,0.455823,1370,25.01,0.69,CRITICAL,0,1,0,1,1
TRIPURA,SEPAHIJALA,1728,,,346,25.04,0.69,UNKNOWN,0,1,0,0,0
BIHAR,SAMASTIPUR,19207,4261566,0.450703,3841,25,0.69,CRITICAL,0,1,0,1,1
NAGALAND,ZUNHEBOTO,761,,,152,24.96,0.69,UNKNOWN,0,1,0,0,0
GUJARAT,PANCH MAHALS,1402,,,280,24.96,0.69,UNKNOWN,0,1,0,0,0
ARUNACHAL PRADESH,LONGDING,897,,,179,24.93,0.69,UNKNOWN,0,1,0,0,0
GOA,NORTH GOA,1354,,,271,25.02,0.69,UNKNOWN,0,1,0,0,0
BIHAR,BEGUSARAI,13209,2970541,0.444666,2642,25,0.69,CRITICAL,0,1,0,1,1
TELANGANA,RANGA REDDY,284,,,284,,0.69,UNKNOWN,0,1,0,0,0
NAGALAND,KIPHIRE,908,,,182,25.07,0.69,UNKNOWN,0,1,0,0,0
UTTAR PRADESH,KASGANJ,6341,1438156,0.440912,1268,25,0.69,CRITICAL,0,1,0,1,1
JAMMU AND KASHMIR,SHOPIAN,412,,,412,,0.69,UNKNOWN,0,1,0,0,0
MADHYA PRADESH,SEHORE,6518,1311008,0.497175,1304,25.01,0.69,CRITICAL,0,1,0,1,1
MADHYA PRADESH,NARSINGHPUR,5174,1092141,0.473748,1035,25.01,0.69,CRITICAL,0,1,0,1,1
RAJASTHAN,SAWAI MADHOPUR,6744,1335551,0.50496,1349,25,0.69,CRITICAL,0,1,0,1,1
TRIPURA,NORTH TRIPURA,1488,,,298,25.04,0.69,UNKNOWN,0,1,0,0,0
MADHYA PRADESH,HOSHANGABAD,5982,1241350,0.481895,1196,24.99,0.69,CRITICAL,0,1,0,1,1
ANDHRA PRADESH,MAHABUB NAGAR,1511,,,378,33.36,0.69,UNKNOWN,0,1,0,0,0
ANDHRA PRADESH,MAHBUBNAGAR,722,,,181,33.46,0.69,UNKNOWN,0,1,0,0,0
ANDHRA PRADESH,MEDAK,1406,,,352,33.4,0.69,UNKNOWN,0,1,0,0,0
ANDHRA PRADESH,N. T. R,933,,,233,33.29,0.69,UNKNOWN,0,1,0,0,0
ANDHRA PRADESH,NALGONDA,1167,,,292,33.37,0.69,UNKNOWN,0,1,0,0,0
ANDHRA PRADESH,NANDYAL,905,,,226,33.28,0.69,UNKNOWN,0,1,0,0,0
ANDHRA PRADESH,PALNADU,860,,,215,33.33,0.69,UNKNOWN,0,1,0,0,0
ANDHRA PRADESH,SRI POTTI SRIRAMULU NELLORE,1614,,,404,33.39,0.69,UNKNOWN,0,1,0,0,0
ANDHRA PRADESH,SRI SATHYA SAI,938,,,235,33.43,0.69,UNKNOWN,0,1,0,0,0
ANDHRA PRADESH,TIRUPATI,1719,,,430,33.36,0.69,UNKNOWN,0,1,0,0,0
ANDHRA PRADESH,WARANGAL,1059,,,265,33.38,0.69,UNKNOWN,0,1,0,0,0
ANDHRA PRADESH,Y. S. R,823,,,206,33.39,0.69,UNKNOWN,0,1,0,0,0
ARUNACHAL PRADESH,CHANGLANG,803,,,201,33.39,0.69,UNKNOWN,0,1,0,0,0
BIHAR,SHEOHAR,3262,656246,0.49707,816,33.36,0.69,CRITICAL,0,1,0,1,1
CHHATTISGARH,GARIYABAND,1542,,,386,33.39,0.69,UNKNOWN,0,1,0,0,0
CHHATTISGARH,KONDAGAON,3038,578326,0.525309,760,33.36,0.69,CRITICAL,0,1,0,1,1
CHHATTISGARH,SURAJPUR,2977,660280,0.450869,744,33.32,0.69,CRITICAL,0,1,0,1,1
DADRA AND NAGAR HAVELI AND DAMAN AND DIU,DADRA AND NAGAR HAVELI,832,,,208,33.33,0.69,UNKNOWN,0,1,0,0,0
GOA,SOUTH GOA,977,,,244,33.29,0.69,UNKNOWN,0,1,0,0,0
HIMACHAL PRADESH,BILASPUR,999,,,250,33.38,0.69,UNKNOWN,0,1,0,0,0
HIMACHAL PRADESH,HAMIRPUR,1198,,,300,33.41,0.69,UNKNOWN,0,1,0,0,0
HIMACHAL PRADESH,SIRMAUR,1584,,,396,33.33,0.69,UNKNOWN,0,1,0,0,0
HIMACHAL PRADESH,SOLAN,1176,,,294,33.33,0.69,UNKNOWN,0,1,0,0,0
HIMACHAL PRADESH,UNA,1247,,,312,33.37,0.69,UNKNOWN,0,1,0,0,0
JAMMU AND KASHMIR,BANDIPORE,1639,,,410,33.36,0.69,UNKNOWN,0,1,0,0,0
JAMMU AND KASHMIR,BUDGAM,859,,,215,33.39,0.69,UNKNOWN,0,1,0,0,0
JAMMU AND KASHMIR,REASI,1715,,,429,33.36,0.69,UNKNOWN,0,1,0,0,0
JHARKHAND,PURBI SINGHBHUM,986,,,247,33.42,0.69,UNKNOWN,0,1,0,0,0
KARNATAKA,BAGALKOT,7142,1890826,0.377719,1786,33.35,0.69,CRITICAL,0,1,0,1,1
KARNATAKA,CHICKMAGALUR,1231,,,308,33.37,0.69,UNKNOWN,0,1,0,0,0
KARNATAKA,CHIKKAMAGALURU,1151,,,288,33.37,0.69,UNKNOWN,0,1,0,0,0
KARNATAKA,GADAG,4457,1064570,0.418667,1114,33.32,0.69,CRITICAL,0,1,0,1,1
KARNATAKA,KOPPAL,5451,1391292,0.391794,1363,33.34,0.69,CRITICAL,0,1,0,1,1
MADHYA PRADESH,AGAR MALWA,2537,422841,0.599989,634,33.32,0.69,CRITICAL,0,1,0,1,1
MADHYA PRADESH,ANUPPUR,3226,749237,0.430571,807,33.36,0.69,CRITICAL,0,1,0,1,1
MADHYA PRADESH,MANDLA,4911,1054905,0.46554,1228,33.34,0.69,CRITICAL,0,1,0,1,1
MADHYA PRADESH,NARMADAPURAM,737,,,184,33.27,0.69,UNKNOWN,0,1,0,0,0
MADHYA PRADESH,NARSIMHAPUR,1189,,,297,33.3,0.69,UNKNOWN,0,1,0,0,0
MADHYA PRADESH,WEST NIMAR,760,,,190,33.33,0.69,UNKNOWN,0,1,0,0,0
MAHARASHTRA,BULDANA,1075,,,269,33.37,0.69,UNKNOWN,0,1,0,0,0
MAHARASHTRA,CHHATRAPATI SAMBHAJINAGAR,1010,,,253,33.42,0.69,UNKNOWN,0,1,0,0,0
MANIPUR,SENAPATI,1501,,,375,33.3,0.69,UNKNOWN,0,1,0,0,0
MANIPUR,TAMENGLONG,960,,,240,33.33,0.69,UNKNOWN,0,1,0,0,0
MIZORAM,AIZAWL,1059,,,265,33.38,0.69,UNKNOWN,0,1,0,0,0
ANDHRA PRADESH,ADILABAD,1419,,,355,33.36,0.69,UNKNOWN,0,1,0,0,0
ANDHRA PRADESH,ALLURI SITHARAMA RAJU,1255,,,314,33.37,0.69,UNKNOWN,0,1,0,0,0
ANDHRA PRADESH,DR. B. R. AMBEDKAR KONASEEMA,665,,,166,33.27,0.69,UNKNOWN,0,1,0,0,0
ANDHRA PRADESH,ELURU,629,,,157,33.26,0.69,UNKNOWN,0,1,0,0,0
ANDHRA PRADESH,KAKINADA,969,,,242,33.29,0.69,UNKNOWN,0,1,0,0,0
ANDHRA PRADESH,KARIMNAGAR,659,,,165,33.4,0.69,UNKNOWN,0,1,0,0,0
ANDHRA PRADESH,KHAMMAM,1133,,,283,33.29,0.69,UNKNOWN,0,1,0,0,0
ODISHA,BARGARH,5239,1481255,0.353687,1310,33.34,0.69,CRITICAL,0,1,0,1,1
ODISHA,DEBAGARH,883,,,221,33.38,0.69,UNKNOWN,0,1,0,0,0
ODISHA,KANDHAMAL,3081,731952,0.420929,770,33.32,0.69,CRITICAL,0,1,0,1,1
ODISHA,MALKANGIRI,2870,612727,0.468398,718,33.36,0.69,CRITICAL,0,1,0,1,1
ODISHA,SONAPUR,1510,,,378,33.39,0.69,UNKNOWN,0,1,0,0,0
ODISHA,BALESHWAR,1229,,,307,33.3,0.69,UNKNOWN,0,1,0,0,0
PUDUCHERRY,PONDICHERRY,1087,,,272,33.37,0.69,UNKNOWN,0,1,0,0,0
PUDUCHERRY,PUDUCHERRY,1330,,,333,33.4,0.69,UNKNOWN,0,1,0,0,0
PUNJAB,MALERKOTLA,865,,,216,33.28,0.69,UNKNOWN,0,1,0,0,0
PUNJAB,SHAHEED BHAGAT SINGH NAGAR,946,,,237,33.43,0.69,UNKNOWN,0,1,0,0,0
PUNJAB,SRI MUKTSAR SAHIB,1315,,,329,33.37,0.69,UNKNOWN,0,1,0,0,0
RAJASTHAN,BANSWARA,7263,1797485,0.404065,1816,33.34,0.69,CRITICAL,0,1,0,1,1
RAJASTHAN,DAUSA,6133,1634409,0.375243,1533,33.33,0.69,CRITICAL,0,1,0,1,1
RAJASTHAN,PRATAPGARH,3794,867848,0.437173,949,33.36,0.69,CRITICAL,0,1,0,1,1
RAJASTHAN,RAJSAMAND,4512,1156597,0.39011,1128,33.33,0.69,CRITICAL,0,1,0,1,1
TAMIL NADU,DHARMAPURI,5739,1506843,0.380863,1435,33.34,0.69,CRITICAL,0,1,0,1,1
TAMIL NADU,KARUR,4019,1064493,0.377551,1005,33.34,0.69,CRITICAL,0,1,0,1,1
TAMIL NADU,TENKASI,1268,,,317,33.33,0.69,UNKNOWN,0,1,0,0,0
TAMIL NADU,THE NILGIRIS,1714,,,429,33.39,0.69,UNKNOWN,0,1,0,0,0
TAMIL NADU,TIRUCHIRAPPALLI,9932,2722290,0.36484,2483,33.33,0.69,CRITICAL,0,1,0,1,1
TAMIL NADU,TIRUPATTUR,1048,,,262,33.33,0.69,UNKNOWN,0,1,0,0,0
TELANGANA,HANUMAKONDA,1030,,,258,33.42,0.69,UNKNOWN,0,1,0,0,0
TELANGANA,JAGITIAL,1595,,,399,33.36,0.69,UNKNOWN,0,1,0,0,0
TELANGANA,JANGOAN,1022,,,256,33.42,0.69,UNKNOWN,0,1,0,0,0
TELANGANA,JAYASHANKAR BHUPALPALLY,847,,,212,33.39,0.69,UNKNOWN,0,1,0,0,0
TELANGANA,KOMARAM BHEEM,1106,,,277,33.41,0.69,UNKNOWN,0,1,0,0,0
TELANGANA,MAHABUBABAD,1503,,,376,33.36,0.69,UNKNOWN,0,1,0,0,0
TELANGANA,MANCHERIAL,1094,,,274,33.41,0.69,UNKNOWN,0,1,0,0,0
TELANGANA,MULUGU,937,,,234,33.29,0.69,UNKNOWN,0,1,0,0,0
TELANGANA,NAGARKURNOOL,1361,,,340,33.3,0.69,UNKNOWN,0,1,0,0,0
TELANGANA,NARAYANPET,1310,,,328,33.4,0.69,UNKNOWN,0,1,0,0,0
TELANGANA,NIRMAL,1401,,,350,33.3,0.69,UNKNOWN,0,1,0,0,0
TELANGANA,RAJANNA SIRCILLA,888,,,222,33.33,0.69,UNKNOWN,0,1,0,0,0
TELANGANA,WANAPARTHY,1667,,,417,33.36,0.69,UNKNOWN,0,1,0,0,0
TELANGANA,WARANGAL RURAL,732,,,183,33.33,0.69,UNKNOWN,0,1,0,0,0
TELANGANA,WARANGAL URBAN,663,,,166,33.4,0.69,UNKNOWN,0,1,0,0,0
TELANGANA,YADADRI.,1586,,,397,33.39,0.69,UNKNOWN,0,1,0,0,0
UTTAR PRADESH,SANT KABIR NAGAR,6169,1714300,0.359855,1542,33.33,0.69,CRITICAL,0,1,0,1,1
UTTARAKHAND,ALMORA,1367,,,342,33.37,0.69,UNKNOWN,0,1,0,0,0
UTTARAKHAND,BAGESHWAR,742,,,186,33.45,0.69,UNKNOWN,0,1,0,0,0
UTTARAKHAND,CHAMOLI,1090,,,273,33.41,0.69,UNKNOWN,0,1,0,0,0
UTTARAKHAND,PITHORAGARH,1220,,,305,33.33,0.69,UNKNOWN,0,1,0,0,0
UTTARAKHAND,RUDRAPRAYAG,956,,,239,33.33,0.69,UNKNOWN,0,1,0,0,0
UTTARAKHAND,UTTARKASHI,1132,,,283,33.33,0.69,UNKNOWN,0,1,0,0,0
WEST BENGAL,BARDHAMAN,1776,,,444,33.33,0.69,UNKNOWN,0,1,0,0,0
WEST BENGAL,DARJILING,726,,,182,33.46,0.69,UNKNOWN,0,1,0,0,0
WEST BENGAL,MALDAH,1756,,,439,33.33,0.69,UNKNOWN,0,1,0,0,0
WEST BENGAL,NORTH TWENTY FOUR PARGANAS,1627,,,407,33.36,0.69,UNKNOWN,0,1,0,0,0
DELHI,NORTH EAST,1738,,,435,33.38,0.69,UNKNOWN,0,1,0,0,0
BIHAR,SHEIKHPURA,3199,634927,0.503837,800,33.35,0.69,CRITICAL,0,1,0,1,1
CHHATTISGARH,KABEERDHAM,955,,,239,33.38,0.69,UNKNOWN,0,1,0,0,0
CHHATTISGARH,MUNGELI,2957,701707,0.421401,739,33.32,0.69,CRITICAL,0,1,0,1,1
HARYANA,PALWAL,4703,1042708,0.451037,1176,33.34,0.69,CRITICAL,0,1,0,1,1
HIMACHAL PRADESH,CHAMBA,1657,,,414,33.31,0.69,UNKNOWN,0,1,0,0,0
HIMACHAL PRADESH,SHIMLA,1670,,,418,33.39,0.69,UNKNOWN,0,1,0,0,0
JAMMU AND KASHMIR,GANDERBAL,843,,,211,33.39,0.69,UNKNOWN,0,1,0,0,0
KARNATAKA,HASAN,993,,,248,33.29,0.69,UNKNOWN,0,1,0,0,0
MADHYA PRADESH,HARDA *,610,,,153,33.48,0.69,UNKNOWN,0,1,0,0,0
MANIPUR,IMPHAL EAST,1132,,,283,33.33,0.69,UNKNOWN,0,1,0,0,0
MANIPUR,THOUBAL,1067,,,267,33.38,0.69,UNKNOWN,0,1,0,0,0
MANIPUR,UKHRUL,781,,,195,33.28,0.69,UNKNOWN,0,1,0,0,0
MEGHALAYA,EASTERN WEST KHASI HILLS,818,,,205,33.44,0.69,UNKNOWN,0,1,0,0,0
ANDHRA PRADESH,ANNAMAYYA,1021,,,255,33.29,0.69,UNKNOWN,0,1,0,0,0
MANIPUR,CHANDEL,759,,,190,33.39,0.69,UNKNOWN,0,1,0,0,0
CHHATTISGARH,DAKSHIN BASTAR DANTEWADA,1224,,,306,33.33,0.69,UNKNOWN,0,1,0,0,0
JAMMU AND KASHMIR,KISHTWAR,1269,,,317,33.3,0.69,UNKNOWN,0,1,0,0,0
JAMMU AND KASHMIR,SHUPIYAN,666,,,167,33.47,0.69,UNKNOWN,0,1,0,0,0
JHARKHAND,PASHCHIMI SINGHBHUM,599,,,150,33.41,0.69,UNKNOWN,0,1,0,0,0
JHARKHAND,KODERMA,3222,716259,0.449837,806,33.36,0.69,CRITICAL,0,1,0,1,1
JAMMU AND KASHMIR,KULGAM,1211,,,303,33.37,0.69,UNKNOWN,0,1,0,0,0
UTTARAKHAND,CHAMPAWAT,866,,,217,33.44,0.69,UNKNOWN,0,1,0,0,0
CHHATTISGARH,UTTAR BASTAR KANKER,888,,,222,33.33,0.69,UNKNOWN,0,1,0,0,0
MADHYA PRADESH,GWALIOR,18542,2032036,0.912484,2060,12.5,0.68,CRITICAL,0,1,0,1,1
ANDHRA PRADESH,SPSR NELLORE,2183,,,728,50.03,0.68,UNKNOWN,0,1,0,0,0
UTTARAKHAND,NAINITAL,3951,,,659,20.02,0.68,UNKNOWN,0,1,0,0,0
ASSAM,GOALPARA,9898,1008959,0.981011,1237,14.28,0.68,CRITICAL,0,1,0,1,1
ASSAM,GOLAGHAT,11505,1058674,1.086737,1438,14.28,0.68,CRITICAL,0,0,0,1,1
MADHYA PRADESH,GUNA,9811,1241519,0.790242,1635,20,0.68,CRITICAL,0,1,0,1,1
RAJASTHAN,DHOLPUR,8580,1206516,0.711139,1430,20,0.68,CRITICAL,0,1,0,1,1
MANIPUR,CHURACHANDPUR,4638,,,663,16.68,0.68,UNKNOWN,0,1,0,0,0
MADHYA PRADESH,KHARGONE,15039,1872413,0.803188,1880,14.29,0.68,CRITICAL,0,1,0,1,1
GUJARAT,CHHOTAUDEPUR,4107,,,513,14.27,0.68,UNKNOWN,0,1,0,0,0
ASSAM,HAILAKANDI,5578,659260,0.8461,930,20.01,0.68,CRITICAL,0,1,0,1,1
MEGHALAYA,SOUTH GARO HILLS,4441,,,555,14.28,0.68,UNKNOWN,0,1,0,0,0
KARNATAKA,MYSURU,4361,,,727,20.01,0.68,UNKNOWN,0,1,0,0,0
KARNATAKA,YADGIR,6947,1173270,0.592106,1389,24.99,0.68,CRITICAL,0,1,0,1,1
UTTAR PRADESH,SHAMLI,8200,1274815,0.643231,1640,25,0.68,CRITICAL,0,1,0,1,1
ASSAM,SIBSAGAR,2737,,,456,19.99,0.68,UNKNOWN,0,1,0,0,0
MADHYA PRADESH,SHIVPURI,12741,1726050,0.738159,1820,16.67,0.68,CRITICAL,0,1,0,1,1
UTTAR PRADESH,SHAHJAHANPUR,24291,3002376,0.809059,3036,14.28,0.68,CRITICAL,0,1,0,1,1
RAJASTHAN,SIROHI,10732,1036346,1.035561,1342,14.29,0.68,CRITICAL,0,0,0,1,1
MEGHALAYA,EAST JAINTIA HILLS,5133,,,642,14.3,0.68,UNKNOWN,0,1,0,0,0
ASSAM,KARBI ANGLONG,8107,965280,0.83986,1351,20,0.68,CRITICAL,0,1,0,1,1
MADHYA PRADESH,RAISEN,7567,1331699,0.568221,1513,24.99,0.68,CRITICAL,0,1,0,1,1
TRIPURA,WEST TRIPURA,2802,,,560,24.98,0.68,UNKNOWN,0,1,0,0,0
MADHYA PRADESH,SHEOPUR,7230,687952,1.050945,1033,16.67,0.68,CRITICAL,0,0,0,1,1
JAMMU AND KASHMIR,PUNCH,2629,,,526,25.01,0.68,UNKNOWN,0,1,0,0,0
CHANDIGARH,CHANDIGARH,2720,,,544,25,0.68,UNKNOWN,0,1,0,0,0
MADHYA PRADESH,PANNA,9339,1016520,0.918723,1334,16.66,0.68,CRITICAL,0,1,0,1,1
MADHYA PRADESH,SATNA,13276,2228619,0.595705,2213,20,0.68,CRITICAL,0,1,0,1,1
UTTAR PRADESH,RAMPUR,20110,2335398,0.861095,2514,14.29,0.68,CRITICAL,0,1,0,1,1
PUNJAB,SAS NAGAR (MOHALI),2953,,,591,25.02,0.68,UNKNOWN,0,1,0,0,0
MEGHALAYA,SOUTH WEST GARO HILLS,4956,,,620,14.3,0.68,UNKNOWN,0,1,0,0,0
UTTAR PRADESH,PRAYAGRAJ,2865,,,478,20.03,0.68,UNKNOWN,0,1,0,0,0
KARNATAKA,BENGALURU RURAL,2790,,,698,33.37,0.68,UNKNOWN,0,1,0,0,0
CHHATTISGARH,GAURELLA PENDRA MARWAHI,983,,,492,100.2,0.68,UNKNOWN,0,1,0,0,0
KARNATAKA,RAICHUR,9779,1924773,0.50806,1956,25,0.68,CRITICAL,0,1,0,1,1
HARYANA,NUH,1506,1089406,0.13824,1506,,0.68,CRITICAL,0,1,0,1,1
CHHATTISGARH,BALRAMPUR,6190,730491,0.847375,1238,25,0.68,CRITICAL,0,1,0,1,1
WEST BENGAL,24 PARAGANAS SOUTH,490,,,490,,0.68,UNKNOWN,0,1,0,0,0
MAHARASHTRA,MUMBAI,14552,3085411,0.471639,2910,25,0.68,CRITICAL,0,1,0,1,1
GUJARAT,SABAR KANTHA,2437,,,487,24.97,0.68,UNKNOWN,0,1,0,0,0
TELANGANA,BHADRADRI KOTHAGUDEM,3211,,,642,24.99,0.68,UNKNOWN,0,1,0,0,0
BIHAR,BHOJPUR,13357,2720155,0.491038,2671,25,0.68,CRITICAL,0,1,0,1,1
ANDHRA PRADESH,RANGAREDDI,1884,,,471,33.33,0.68,UNKNOWN,0,1,0,0,0
BIHAR,AURANGABAD,10170,2540073,0.400382,2543,33.34,0.68,CRITICAL,0,1,0,1,1
BIHAR,BUXAR,7240,1706352,0.424297,1810,33.33,0.68,CRITICAL,0,1,0,1,1
BIHAR,MADHEPURA,9027,2001762,0.450953,2257,33.34,0.68,CRITICAL,0,1,0,1,1
CHHATTISGARH,BASTAR,6608,1411644,0.468107,1652,33.33,0.68,CRITICAL,0,1,0,1,1
CHHATTISGARH,KAWARDHA,2142,,,536,33.37,0.68,UNKNOWN,0,1,0,0,0
HIMACHAL PRADESH,MANDI,2514,,,629,33.37,0.68,UNKNOWN,0,1,0,0,0
JAMMU AND KASHMIR,BADGAM,1865,,,466,33.31,0.68,UNKNOWN,0,1,0,0,0
JAMMU AND KASHMIR,KATHUA,2954,,,739,33.36,0.68,UNKNOWN,0,1,0,0,0
JAMMU AND KASHMIR,KUPWARA,2875,,,719,33.35,0.68,UNKNOWN,0,1,0,0,0
JAMMU AND KASHMIR,PULWAMA,1871,,,468,33.36,0.68,UNKNOWN,0,1,0,0,0
JAMMU AND KASHMIR,RAJOURI,2674,,,669,33.37,0.68,UNKNOWN,0,1,0,0,0
JAMMU AND KASHMIR,RAMBAN,1920,,,480,33.33,0.68,UNKNOWN,0,1,0,0,0
JAMMU AND KASHMIR,UDHAMPUR,2806,,,702,33.37,0.68,UNKNOWN,0,1,0,0,0
JHARKHAND,GARHWA,6073,1322784,0.459107,1518,33.33,0.68,CRITICAL,0,1,0,1,1
JHARKHAND,JAMTARA,4450,791042,0.562549,1113,33.35,0.68,CRITICAL,0,1,0,1,1
JHARKHAND,PALAMU,8606,1936319,0.444452,2152,33.34,0.68,CRITICAL,0,1,0,1,1
JHARKHAND,SAHEBGANJ,6321,1150567,0.549381,1580,33.33,0.68,CRITICAL,0,1,0,1,1
KARNATAKA,BALLARI,2781,,,695,33.32,0.68,UNKNOWN,0,1,0,0,0
KARNATAKA,CHAMRAJANAGAR,2227,,,557,33.35,0.68,UNKNOWN,0,1,0,0,0
KARNATAKA,RAMANAGAR,2949,,,737,33.32,0.68,UNKNOWN,0,1,0,0,0
KARNATAKA,SHIVAMOGGA,2229,,,557,33.31,0.68,UNKNOWN,0,1,0,0,0
KARNATAKA,VIJAYANAGARA,2119,,,530,33.35,0.68,UNKNOWN,0,1,0,0,0
MADHYA PRADESH,CHHINDWARA,8981,2090922,0.429523,2245,33.33,0.68,CRITICAL,0,1,0,1,1
MADHYA PRADESH,DAMOH,6066,1264219,0.479822,1517,33.35,0.68,CRITICAL,0,1,0,1,1
MADHYA PRADESH,NEEMUCH,4964,826067,0.60092,1241,33.33,0.68,CRITICAL,0,1,0,1,1
MADHYA PRADESH,SEONI,6081,1378876,0.441011,1520,33.33,0.68,CRITICAL,0,1,0,1,1
MADHYA PRADESH,SHAHDOL,5297,1066063,0.496875,1324,33.32,0.68,CRITICAL,0,1,0,1,1
MADHYA PRADESH,SHAJAPUR,7025,1512681,0.464407,1756,33.33,0.68,CRITICAL,0,1,0,1,1
MADHYA PRADESH,SIDHI,6292,1126515,0.558537,1573,33.33,0.68,CRITICAL,0,1,0,1,1
MADHYA PRADESH,SINGRAULI,6550,1178273,0.555898,1638,33.35,0.68,CRITICAL,0,1,0,1,1
MADHYA PRADESH,TIKAMGARH,7242,1445166,0.501119,1811,33.35,0.68,CRITICAL,0,1,0,1,1
MAHARASHTRA,GONDIYA,2890,,,723,33.36,0.68,UNKNOWN,0,1,0,0,0
MAHARASHTRA,MUMBAI CITY,2929,,,732,33.32,0.68,UNKNOWN,0,1,0,0,0
ANDHRA PRADESH,ANANTHAPUR,1994,,,499,33.38,0.68,UNKNOWN,0,1,0,0,0
ODISHA,JAJAPUR,2608,,,652,33.33,0.68,UNKNOWN,0,1,0,0,0
TAMIL NADU,ARIYALUR,2412,,,603,33.33,0.68,UNKNOWN,0,1,0,0,0
TAMIL NADU,KANNIYAKUMARI,2275,,,569,33.35,0.68,UNKNOWN,0,1,0,0,0
TELANGANA,JOGULAMBA GADWAL,1844,,,461,33.33,0.68,UNKNOWN,0,1,0,0,0
TELANGANA,KAMAREDDY,2008,,,502,33.33,0.68,UNKNOWN,0,1,0,0,0
TELANGANA,SANGAREDDY,2703,,,676,33.35,0.68,UNKNOWN,0,1,0,0,0
TELANGANA,SIDDIPET,1876,,,469,33.33,0.68,UNKNOWN,0,1,0,0,0
TELANGANA,SURYAPET,2042,,,511,33.38,0.68,UNKNOWN,0,1,0,0,0
TELANGANA,VIKARABAD,2593,,,648,33.32,0.68,UNKNOWN,0,1,0,0,0
TRIPURA,SOUTH TRIPURA,2158,,,540,33.37,0.68,UNKNOWN,0,1,0,0,0
UTTAR PRADESH,CHITRAKOOT,5401,991730,0.544604,1350,33.33,0.68,CRITICAL,0,1,0,1,1
UTTARAKHAND,PAURI GARHWAL,1856,,,464,33.33,0.68,UNKNOWN,0,1,0,0,0
UTTARAKHAND,TEHRI GARHWAL,2781,,,695,33.32,0.68,UNKNOWN,0,1,0,0,0
WEST BENGAL,EAST MIDNAPORE,2118,,,530,33.38,0.68,UNKNOWN,0,1,0,0,0
WEST BENGAL,HAORA,2862,,,716,33.36,0.68,UNKNOWN,0,1,0,0,0
WEST BENGAL,WEST MIDNAPORE,2190,,,548,33.37,0.68,UNKNOWN,0,1,0,0,0
UTTAR PRADESH,GAUTAM BUDDHA NAGAR,18957,1674714,1.131954,2106,12.5,0.67,CRITICAL,0,0,0,1,1
UTTARAKHAND,HARIDWAR,5955,,,993,20.01,0.67,UNKNOWN,0,1,0,0,0
CHHATTISGARH,BIJAPUR,6724,255230,2.634487,747,12.5,0.67,CRITICAL,0,0,0,1,1
MEGHALAYA,RI BHOI,9308,,,1034,12.5,0.67,UNKNOWN,0,1,0,0,0
MADHYA PRADESH,ASHOK NAGAR,5178,,,863,20,0.67,UNKNOWN,0,1,0,0,0
ASSAM,KAMRUP METRO,6046,,,756,14.29,0.67,UNKNOWN,0,1,0,0,0
BIHAR,KAIMUR (BHABUA),7825,,,978,14.28,0.67,UNKNOWN,0,1,0,0,0
GUJARAT,PANCHMAHALS,6279,,,1047,20.01,0.67,UNKNOWN,0,1,0,0,0
GUJARAT,MAHESANA,6490,,,927,16.66,0.67,UNKNOWN,0,1,0,0,0
MADHYA PRADESH,CHHATARPUR,17836,1762857,1.011767,2230,14.29,0.67,CRITICAL,0,0,0,1,1
BIHAR,EAST CHAMPARAN,29323,5099371,0.575032,4887,20,0.67,CRITICAL,1,1,0,1,1
MADHYA PRADESH,JHABUA,13488,1024091,1.31707,1686,14.29,0.67,CRITICAL,0,0,0,1,1
RAJASTHAN,BHARATPUR,17054,2548462,0.669188,2842,20,0.67,CRITICAL,0,1,0,1,1
TELANGANA,MEDCHAL-MALKAJGIRI,4070,,,814,25,0.67,UNKNOWN,0,1,0,0,0
BIHAR,VAISHALI,18007,3495021,0.515219,3601,25,0.67,CRITICAL,0,1,0,1,1
ASSAM,KARIMGANJ,14833,1217002,1.218815,1854,14.28,0.67,CRITICAL,0,0,0,1,1
MADHYA PRADESH,BURHANPUR,9689,756993,1.279933,1211,14.28,0.67,CRITICAL,0,0,0,1,1
MEGHALAYA,EAST GARO HILLS,6052,,,757,14.3,0.67,UNKNOWN,0,1,0,0,0
KARNATAKA,KALABURAGI,4782,,,956,24.99,0.67,UNKNOWN,0,1,0,0,0
JAMMU AND KASHMIR,BARAMULA,3747,,,749,24.98,0.67,UNKNOWN,0,1,0,0,0
JAMMU AND KASHMIR,JAMMU,4558,,,912,25.01,0.67,UNKNOWN,0,1,0,0,0
UTTAR PRADESH,HARDOI,25193,4091380,0.615758,4199,20,0.67,CRITICAL,0,1,0,1,1
MADHYA PRADESH,ASHOKNAGAR,3011,844979,0.35634,1506,100.07,0.67,CRITICAL,0,1,0,1,1
JHARKHAND,GIRIDIH,14303,2445474,0.584876,2861,25,0.67,CRITICAL,0,1,0,1,1
WEST BENGAL,DINAJPUR DAKSHIN,997,,,997,,0.67,UNKNOWN,0,1,0,0,0
MADHYA PRADESH,EAST NIMAR,3859,,,772,25.01,0.67,UNKNOWN,0,1,0,0,0
JAMMU AND KASHMIR,DODA,4502,,,900,24.99,0.67,UNKNOWN,0,1,0,0,0
BIHAR,KHAGARIA,8196,1666886,0.491695,2049,33.33,0.67,CRITICAL,0,1,0,1,1
BIHAR,KISHANGANJ,8764,1690948,0.518289,2191,33.33,0.67,CRITICAL,0,1,0,1,1
BIHAR,SUPAUL,10411,2229076,0.467055,2603,33.34,0.67,CRITICAL,0,1,0,1,1
HARYANA,YAMUNA NAGAR,3396,,,849,33.33,0.67,UNKNOWN,0,1,0,0,0
HIMACHAL PRADESH,KANGRA,3966,,,992,33.36,0.67,UNKNOWN,0,1,0,0,0
JAMMU AND KASHMIR,ANANTNAG,3350,,,838,33.36,0.67,UNKNOWN,0,1,0,0,0
JAMMU AND KASHMIR,SRINAGAR,3256,,,814,33.33,0.67,UNKNOWN,0,1,0,0,0
KARNATAKA,TUMAKURU,3000,,,750,33.33,0.67,UNKNOWN,0,1,0,0,0
MADHYA PRADESH,RAJGARH,8171,1546541,0.52834,2043,33.34,0.67,CRITICAL,0,1,0,1,1
MADHYA PRADESH,RATLAM,7982,1455069,0.548565,1996,33.34,0.67,CRITICAL,0,1,0,1,1
MADHYA PRADESH,REWA,10838,2365106,0.458246,2710,33.34,0.67,CRITICAL,0,1,0,1,1
ANDHRA PRADESH,ANANTHAPURAMU,3187,,,797,33.35,0.67,UNKNOWN,0,1,0,0,0
ODISHA,JAGATSINGHAPUR,3184,,,796,33.33,0.67,UNKNOWN,0,1,0,0,0
ODISHA,SUNDERGARH,4001,,,1000,33.32,0.67,UNKNOWN,0,1,0,0,0
TAMIL NADU,THIRUVARUR,4165,,,1041,33.32,0.67,UNKNOWN,0,1,0,0,0
WEST BENGAL,KOCH BIHAR,3348,,,837,33.33,0.67,UNKNOWN,0,1,0,0,0
WEST BENGAL,SOUTH TWENTY FOUR PARGANAS,4107,,,1027,33.34,0.67,UNKNOWN,0,1,0,0,0
MADHYA PRADESH,UMARIA,5300,644758,0.822014,1325,33.33,0.67,CRITICAL,0,1,0,1,1
ASSAM,MARIGAON,10487,,,1165,12.5,0.66,UNKNOWN,0,1,0,0,0
MEGHALAYA,WEST JAINTIA HILLS,11816,,,1313,12.5,0.66,UNKNOWN,0,1,0,0,0
UTTARAKHAND,DEHRADUN,9485,,,1054,12.5,0.66,UNKNOWN,0,1,0,0,0
ASSAM,CACHAR,17514,1736319,1.008686,2502,16.67,0.66,CRITICAL,0,0,0,1,1
HARYANA,GURGAON,6861,,,1144,20.01,0.66,UNKNOWN,0,1,0,0,0
MADHYA PRADESH,MORENA,22381,1965137,1.138903,2798,14.29,0.66,CRITICAL,0,0,0,1,1
GUJARAT,SURENDRA NAGAR,6855,,,1143,20.01,0.66,UNKNOWN,0,1,0,0,0
ODISHA,NABARANGAPUR,6232,,,1246,24.99,0.66,UNKNOWN,0,1,0,0,0
GUJARAT,AHMADABAD,6667,,,1111,20,0.66,UNKNOWN,0,1,0,0,0
UTTAR PRADESH,SHRAVASTI,2535,,,1268,100.08,0.66,UNKNOWN,0,1,0,0,0
RAJASTHAN,BARMER,15851,2603751,0.608776,3170,25,0.66,CRITICAL,0,1,0,1,1
KARNATAKA,VIJAYAPURA,5596,,,1119,24.99,0.66,UNKNOWN,0,1,0,0,0
JHARKHAND,SERAIKELA-KHARSAWAN,4250,,,1063,33.35,0.66,UNKNOWN,0,1,0,0,0
KARNATAKA,DAVANGERE,4813,,,1203,33.32,0.66,UNKNOWN,0,1,0,0,0
MADHYA PRADESH,MANDSAUR,8276,1340411,0.617423,2069,33.33,0.66,CRITICAL,0,1,0,1,1
MAHARASHTRA,RAIGARH,5230,,,1308,33.35,0.66,UNKNOWN,0,1,0,0,0
ANDHRA PRADESH,HYDERABAD,4840,,,1210,33.33,0.66,UNKNOWN,0,1,0,0,0
ODISHA,KHORDA,4317,,,1079,33.32,0.66,UNKNOWN,0,1,0,0,0
TAMIL NADU,THOOTHUKKUDI,5319,,,1330,33.34,0.66,UNKNOWN,0,1,0,0,0
TAMIL NADU,VILUPPURAM,5122,,,1281,33.35,0.66,UNKNOWN,0,1,0,0,0
UTTAR PRADESH,SANT RAVIDAS NAGAR,4420,,,1105,33.33,0.66,UNKNOWN,0,1,0,0,0
WEST BENGAL,COOCHBEHAR,4410,,,1470,50,0.65,UNKNOWN,0,1,0,0,0
HARYANA,MEWAT,7558,,,1512,25.01,0.65,UNKNOWN,0,1,0,0,0
BIHAR,NAWADA,15413,2219146,0.694546,3083,25,0.65,CRITICAL,0,1,0,1,1
JHARKHAND,EAST SINGHBUM,1447,,,1447,,0.65,UNKNOWN,0,1,0,0,0
UTTAR PRADESH,KUSHI NAGAR,1570,,,1570,,0.65,UNKNOWN,0,1,0,0,0
ANDHRA PRADESH,CUDDAPAH,5934,,,1484,33.35,0.65,UNKNOWN,0,1,0,0,0
ODISHA,BALESWAR,6018,,,1505,33.35,0.65,UNKNOWN,0,1,0,0,0
TAMIL NADU,TIRUPPUR,6192,,,1548,33.33,0.65,UNKNOWN,0,1,0,0,0
UTTARAKHAND,UDHAM SINGH NAGAR,6095,,,1524,33.34,0.65,UNKNOWN,0,1,0,0,0
UTTAR PRADESH,BAHRAICH,39338,3487731,1.127897,4371,12.5,0.64,CRITICAL,0,0,0,1,1
MEGHALAYA,WEST KHASI HILLS,15898,,,1766,12.5,0.64,UNKNOWN,0,1,0,0,0
GUJARAT,BANAS KANTHA,13498,,,1928,16.66,0.64,UNKNOWN,0,1,0,0,0
GUJARAT,DOHAD,13003,,,1858,16.67,0.64,UNKNOWN,0,1,0,0,0
MADHYA PRADESH,BARWANI,21823,1385659,1.574919,2728,14.29,0.64,CRITICAL,0,0,0,1,1
UTTAR PRADESH,BARA BANKI,9086,,,1817,25,0.64,UNKNOWN,0,1,0,0,0
KARNATAKA,BANGALORE,7016,,,1754,33.33,0.64,UNKNOWN,0,1,0,0,0
RAJASTHAN,JHUNJHUNUN,7611,,,1903,33.34,0.64,UNKNOWN,0,1,0,0,0
WEST BENGAL,SOUTH 24 PARGANAS,33542,8153176,0.411398,8386,33.34,0.64,CRITICAL,1,1,0,1,1
BIHAR,SITAMARHI,42232,3423574,1.233565,4692,12.5,0.63,CRITICAL,0,0,0,1,1
WEST BENGAL,UTTAR DINAJPUR,26892,3000849,0.896146,4482,20,0.63,CRITICAL,0,1,0,1,1
BIHAR,WEST CHAMPARAN,30438,3935042,0.773511,5073,20,0.63,CRITICAL,0,1,0,1,1
MEGHALAYA,WEST GARO HILLS,15875,,,1984,14.28,0.63,UNKNOWN,0,1,0,0,0
UTTAR PRADESH,SIDDHARTH NAGAR,4341,,,2171,100.05,0.63,UNKNOWN,0,1,0,0,0
KARNATAKA,BELAGAVI,7805,,,1951,33.33,0.63,UNKNOWN,0,1,0,0,0
MADHYA PRADESH,UJJAIN,14308,1986864,0.72013,3577,33.33,0.63,CRITICAL,0,1,0,1,1
BIHAR,PASHCHIM CHAMPARAN,16359,,,2337,16.67,0.62,UNKNOWN,0,1,0,0,0
MAHARASHTRA,AHMADNAGAR,11836,,,2367,25,0.62,UNKNOWN,0,1,0,0,0
TELANGANA,MAHABUBNAGAR,10168,,,2542,33.33,0.62,UNKNOWN,0,1,0,0,0
UTTAR PRADESH,RAE BARELI,9729,,,2432,33.33,0.62,UNKNOWN,0,1,0,0,0
RAJASTHAN,JALOR,13991,,,2798,25,0.61,UNKNOWN,0,1,0,0,0
TAMIL NADU,KANCHEEPURAM,13050,,,2610,25,0.61,UNKNOWN,0,1,0,0,0
UTTAR PRADESH,KHERI,24578,,,3072,14.28,0.6,UNKNOWN,0,1,0,0,0
WEST BENGAL,24 PARAGANAS NORTH,6147,,,3074,100.03,0.6,UNKNOWN,0,1,0,0,0
MEGHALAYA,EAST KHASI HILLS,28812,,,3201,12.5,0.59,UNKNOWN,0,1,0,0,0
WEST BENGAL,MURSHIDABAD,35911,7103807,0.505518,8978,33.33,0.59,CRITICAL,1,1,0,1,1
WEST BENGAL,PURULIYA,13219,,,3305,33.34,0.59,UNKNOWN,0,1,0,0,0
TELANGANA,K.V. RANGAREDDY,17409,,,3482,25,0.58,UNKNOWN,0,1,0,0,0
WEST BENGAL,DINAJPUR UTTAR,11671,,,3890,49.99,0.57,UNKNOWN,0,1,0,0,0
WEST BENGAL,BARDDHAMAN,15836,,,3959,33.33,0.57,UNKNOWN,0,1,0,0,0
BIHAR,PURBI CHAMPARAN,14871,,,4957,50,0.53,UNKNOWN,0,1,0,0,0
KARNATAKA,BENGALURU,30980,,,5163,20,0.53,UNKNOWN,0,1,0,0,0
KARNATAKA,BENGALURU URBAN,23074,,,7691,50,0.44,UNKNOWN,0,1,0,0,0
